10.10.10.20-10.10.10.10-49156-102-6,10.10.10.20,49156,10.10.10.10,102,6,10/20/2015 14:39,4999908,22,10,990,500,99,0,45.0,50.45507195,50,50,50.0,0.0,298.0054833,6.400117762,161287.3548,342250.9624,927714,0,4999908,238090.8571,396046.7443,927714,0,3998493,444277.0,526849.5581,1001702,0,0,0,0,0,440,200,4.400080961,2.000036801,0,99,45.15151515,41.73362045,1741.695076,0,0,0,20,32,0,0,0,0,46.5625,45.0,50.0,0,0,0,1490,20,371,0,30,0,15,8192,8192,10,20,0,0,0,0,1450000000000000.0,0.0,1450000000000000.0,1450000000000000.0
192.168.2.32-195.181.173.159-9993-9993-17,192.168.2.32,9993,195.181.173.159,9993,17,10/20/2015 23:01,94396,1,1,120,629,120,120,120.0,0.0,629,629,629.0,0.0,7934.658248,21.18733845,94396.0,0.0,94396,94396,0,0.0,0.0,0,0,0,0.0,0.0,0,0,0,0,0,0,8,8,10.59366922,10.59366922,120,629,289.6666667,293.871287,86360.33333,0,0,0,0,0,0,0,0,1,434.5,120.0,629.0,0,0,0,0,0,0,0,60,0,314,0,0,0,8,0,0,0,0,1602470000000000.0,0.0,1602470000000000.0,1602470000000000.0
10.10.10.20-10.10.10.10-49156-102-6,10.10.10.20,49156,10.10.10.10,102,6,10/20/2015 11:41,4995913,21,9,1040,450,99,0,49.52380952,49.50012025,50,50,50.0,0.0,298.2437845,6.004908412,172272.8621,350891.6443,984519,0,4995913,249795.65,401965.8447,984519,0,4009881,501235.125,535858.7809,1011783,0,1,0,0,0,420,180,4.203435888,1.801472524,0,99,49.67741935,40.41731238,1633.55914,0,0,0,20,30,0,0,0,0,51.33333333,49.52380952,50.0,0,0,0,1490,20,298,0,34,0,15,8192,8192,10,20,0,0,0,0,1450000000000000.0,0.0,1450000000000000.0,1450000000000000.0
34.94.197.1-192.168.2.32-52203-42409-17,34.94.197.1,52203,192.168.2.32,42409,17,10/20/2015 21:29,3508537,2,2,699,157,671,28,349.5,454.6696603,120,37,78.5,58.68986284,243.9763354,1.140076334,1169512.333,1949197.643,3419670,113,3508537,3508537.0,0.0,3508537,3508537,3419670,3419670.0,0.0,3419670,3419670,0,0,0,0,16,16,0.570038167,0.570038167,28,671,176.8,278.96541,77821.7,0,0,0,0,0,0,0,0,1,221.0,349.5,78.5,0,0,0,0,0,0,0,174,0,39,0,0,1,8,113,0,113,113,801233000000000.0,1133110000000000.0,1602470000000000.0,3419670.0
192.168.88.61-192.168.88.1-949-53-17,192.168.88.61,949,192.168.88.1,53,17,10/20/2015 13:23,4003178,3,3,93,93,31,31,31.0,0.0,31,31,31.0,0.0,46.46308508,1.498809196,800635.6,1094917.848,2000230,1019,4002158,2001079.0,240.4163056,2001249,2000909,4002159,2001079.5,245.3660531,2001253,2000906,0,0,0,0,24,24,0.749404598,0.749404598,31,31,31.0,0.0,0.0,0,0,0,0,0,0,0,0,1,36.16666667,31.0,31.0,0,0,0,0,0,0,0,15,0,15,0,0,2,8,0,0,0,0,1450000000000000.0,0.0,1450000000000000.0,1450000000000000.0
10.10.10.30-10.10.10.10-53527-102-6,10.10.10.30,53527,10.10.10.10,102,6,10/20/2015 12:15,690,2,0,1,0,1,0,0.5,0.707106781,0,0,0.0,0.0,1449.275362,2898.550725,690.0,0.0,690,690,690,690.0,0.0,690,690,0,0.0,0.0,0,0,0,0,0,0,40,0,2898.550725,0.0,0,1,0.666666667,0.577350269,0.333333333,0,0,0,0,2,0,0,0,0,1.0,0.5,0.0,0,0,0,0,0,0,1,0,0,0,8192,0,0,20,0,0,0,0,1450000000000000.0,0.0,1450000000000000.0,1450000000000000.0
192.168.2.32-195.181.173.159-9993-9993-17,192.168.2.32,9993,195.181.173.159,9993,17,10/20/2015 22:35,92097,1,1,28,37,28,28,28.0,0.0,37,37,37.0,0.0,705.777604,21.71623397,92097.0,0.0,92097,92097,0,0.0,0.0,0,0,0,0.0,0.0,0,0,0,0,0,0,8,8,10.85811699,10.85811699,28,37,31.0,5.196152423,27.0,0,0,0,0,0,0,0,0,1,46.5,28.0,37.0,0,0,0,0,0,0,0,14,0,18,0,0,0,8,0,0,0,0,1602470000000000.0,0.0,1602470000000000.0,1602470000000000.0
172.17.0.1-169.254.211.165-137-137-17,172.17.0.1,137,169.254.211.165,137,17,10/20/2015 21:39,3697588,2,0,100,0,50,50,50.0,0.0,0,0,0.0,0.0,27.04465722,0.540893144,3697588.0,0.0,3697588,3697588,3697588,3697588.0,0.0,3697588,3697588,0,0.0,0.0,0,0,0,0,0,0,16,0,0.540893144,0.0,50,50,50.0,0.0,0.0,0,0,0,0,0,0,0,0,0,75.0,50.0,0.0,0,0,0,0,0,0,1,50,0,0,0,0,1,8,0,0,0,0,801233000000000.0,1133120000000000.0,1602470000000000.0,3697588.0
10.0.4.15-195.181.173.159-9993-9993-17,10.0.4.15,9993,195.181.173.159,9993,17,10/20/2015 21:46,94569,1,1,137,629,137,137,137.0,0.0,629,629,629.0,0.0,8099.905889,21.14857934,94569.0,0.0,94569,94569,0,0.0,0.0,0,0,0,0.0,0.0,0,0,0,0,0,0,8,8,10.57428967,10.57428967,137,629,301.0,284.0563324,80688.0,0,0,0,0,0,0,0,0,1,451.5,137.0,629.0,0,0,0,0,0,0,0,68,0,314,0,0,0,8,0,0,0,0,1602470000000000.0,0.0,1602470000000000.0,1602470000000000.0
10.10.10.30-10.10.10.10-51781-102-6,10.10.10.30,51781,10.10.10.10,102,6,10/20/2015 11:45,1186,2,1,0,0,0,0,0.0,0.0,0,0,0.0,0.0,0.0,2529.510961,593.0,272.9432175,786,400,1186,1186.0,0.0,1186,1186,0,0.0,0.0,0,0,0,0,0,0,52,24,1686.340641,843.1703204,0,0,0.0,0.0,0.0,0,2,0,0,2,0,0,0,0,0.0,0.0,0.0,0,0,0,0,0,0,0,0,0,0,8192,8192,0,20,0,0,0,0,1450000000000000.0,0.0,1450000000000000.0,1450000000000000.0
172.28.129.14-172.28.129.12-36960-4488-6,172.28.129.14,36960,172.28.129.12,4488,6,10/20/2015 22:43,51281,2,2,128,160,128,0,64.0,90.50966799,160,0,80.0,113.137085,5616.11513,78.00159903,17093.66667,29365.73357,51002,17,51281,51281.0,0.0,51281,51281,51002,51002.0,0.0,51002,51002,1,0,0,0,64,64,39.00079952,39.00079952,0,160,83.2,77.0662053,5939.2,0,0,0,2,4,0,0,0,1,104.0,64.0,80.0,0,0,0,0,0,0,0,32,0,40,413,256,0,32,0,0,0,0,1602470000000000.0,0.0,1602470000000000.0,1602470000000000.0
192.168.2.52-192.168.2.36-36778-4455-6,192.168.2.52,36778,192.168.2.36,4455,6,10/20/2015 21:58,2763599,4,5,1392,272,720,128,348.0,272.9004703,144,0,54.4,74.70475219,602.1134036,3.256622976,345449.875,688290.3693,2032539,195,2560728,853576.0,1210746.462,2239283,195,2557308,639327.0,929882.5013,2032539,111807,1,0,0,0,128,160,1.447387989,1.809234987,0,720,179.2,221.1629867,48913.06667,0,0,0,6,9,0,0,0,1,199.1111111,348.0,54.4,0,0,0,1376,4,4274,0,154,0,30,503,502,3,32,0,0,0,0,1602470000000000.0,0.0,1602470000000000.0,1602470000000000.0
172.28.129.14-172.28.129.12-36960-4488-6,172.28.129.14,36960,172.28.129.12,4488,6,10/20/2015 22:44,4834671,20,20,2160,2496,384,0,108.0,120.2803742,336,0,124.8,131.5917131,963.0438141,8.273572287,123965.9231,202010.7425,635628,11,4834671,254456.3684,226127.4736,635628,47710,4833999,254421.0,226613.5249,635871,47356,1,0,0,0,640,640,4.136786143,4.136786143,0,384,119.0243902,124.2989316,15450.22439,0,0,0,20,40,0,0,0,1,122.0,108.0,124.8,0,0,0,4656,20,963,0,54,0,62,620,256,9,32,0,0,0,0,1602470000000000.0,0.0,1602470000000000.0,1602470000000000.0
172.28.129.14-172.28.129.11-46472-4477-6,172.28.129.14,46472,172.28.129.11,4477,6,10/20/2015 22:18,4200542,12,12,880,2240,176,0,73.33333333,78.22268136,1152,0,186.6666667,323.9274142,742.7612913,5.713548394,182632.2609,394031.4167,1658032,14,4200542,381867.4545,507846.9674,1658032,47607,4200252,381841.0909,508199.7409,1658642,47328,1,0,0,0,384,384,2.856774197,2.856774197,0,1152,129.92,232.6116076,54108.16,0,0,0,12,24,0,0,0,1,135.3333333,73.33333333,186.6666667,0,0,0,1560,6,1227,0,36,0,93,1841,256,5,32,0,0,0,0,1602470000000000.0,0.0,1602470000000000.0,1602470000000000.0
172.28.129.14-172.28.129.10-56286-4477-6,172.28.129.14,56286,172.28.129.10,4477,6,10/20/2015 22:32,57547,2,2,128,160,128,0,64.0,90.50966799,160,0,80.0,113.137085,5004.604932,69.50840183,19182.33333,32795.95189,57051,30,57547,57547.0,0.0,57547,57547,57051,57051.0,0.0,57051,57051,1,0,0,0,64,64,34.75420091,34.75420091,0,160,83.2,77.0662053,5939.2,0,0,0,2,4,0,0,0,1,104.0,64.0,80.0,0,0,0,0,0,0,0,32,0,40,770,256,0,32,0,0,0,0,1602470000000000.0,0.0,1602470000000000.0,1602470000000000.0
172.28.129.14-172.28.129.12-36960-4488-6,172.28.129.14,36960,172.28.129.12,4488,6,10/20/2015 22:46,3982580,31,16,1840,2304,90,0,59.35483871,39.10460193,432,0,144.0,162.1192976,1040.531515,11.80139508,86577.82609,181717.3563,783759,0,3982580,132752.6667,212049.1819,784747,0,3981509,265433.9333,235545.5914,783759,48829,0,0,0,0,992,512,7.78389888,4.017496196,0,432,88.20833333,104.7519783,10972.97695,0,0,0,16,47,0,0,0,0,90.08510638,59.35483871,144.0,0,0,0,4144,31,1040,0,39,0,49,1073,256,22,32,0,0,0,0,1602470000000000.0,0.0,1602470000000000.0,1602470000000000.0
172.28.129.14-172.28.129.11-46472-4477-6,172.28.129.14,46472,172.28.129.11,4477,6,10/20/2015 22:49,59902,3,2,128,160,90,0,42.66666667,45.181117,160,0,80.0,113.137085,4807.852826,83.46966712,14975.5,29428.33977,59117,1,59902,29951.0,42355.69619,59901,1,59117,59117.0,0.0,59117,59117,0,0,0,0,96,64,50.08180027,33.38786685,0,160,63.0,62.3377895,3886.0,0,0,0,2,5,0,0,0,0,75.6,42.66666667,80.0,0,0,0,0,0,0,0,25,0,32,2036,256,1,32,0,0,0,0,1602470000000000.0,0.0,1602470000000000.0,1602470000000000.0
172.28.128.10-172.28.128.11-64715-5500-6,172.28.128.10,64715,172.28.128.11,5500,6,10/20/2015 23:01,3317800,3,23,62736,384,32768,0,20912.0,18164.35542,112,0,16.69565217,39.03662008,19024.65489,7.836518175,132712.0,650548.241,3254810,1,3317800,1658900.0,2259044.946,3256286,61514,3317058,150775.3636,693518.2952,3255275,1,1,0,0,0,60,460,0.904213636,6.932304539,0,32768,3551.407407,10200.05138,104041048.3,0,0,0,3,26,0,0,0,7,3688.0,20912.0,16.69565217,0,0,0,30352,5,494283,0,2412,0,14,256,256,1,20,1476,0,1476,1476,801236000000000.0,1133120000000000.0,1602470000000000.0,3254810.0
192.168.2.52-192.168.2.36-36778-4455-6,192.168.2.52,36778,192.168.2.36,4455,6,10/20/2015 22:01,211310,2,1,288,0,160,128,144.0,22.627417,0,0,0.0,0.0,1362.926506,14.19715111,105655.0,149316.9106,211238,72,72,72.0,0.0,72,72,0,0.0,0.0,0,0,1,0,0,0,64,32,9.464767403,4.732383702,0,160,104.0,70.95538504,5034.666667,0,0,0,2,3,0,0,0,0,138.6666667,144.0,0.0,0,0,0,0,0,0,0,96,0,0,503,503,1,32,0,0,0,0,1602470000000000.0,0.0,1602470000000000.0,1602470000000000.0
172.28.129.14-172.28.129.10-56286-4477-6,172.28.129.14,56286,172.28.129.10,4477,6,10/20/2015 22:33,428982,4,2,384,4368,224,0,96.0,113.8888347,4368,0,2184.0,3088.64242,11077.38786,13.98660084,85796.4,162260.6214,372844,23,428982,142994.0,201022.0013,372844,23,55735,55735.0,0.0,55735,55735,1,0,0,0,128,64,9.324400558,4.662200279,0,4368,710.8571429,1615.969825,2611358.476,0,0,0,3,6,0,0,0,0,829.3333333,96.0,2184.0,0,0,0,0,0,0,0,64,0,728,256,256,1,32,0,0,0,0,1602470000000000.0,0.0,1602470000000000.0,1602470000000000.0
192.168.2.36-192.168.2.52-41737-6200-6,192.168.2.36,41737,192.168.2.52,6200,6,10/20/2015 21:47,1478941,8,7,104,90,54,0,13.0,23.51291438,33,0,12.85714286,14.78094011,131.1749421,10.14239243,105638.6429,127346.7967,309264,12,1441529,205932.7143,123879.5193,321670,12,1478796,246466.0,124856.4909,346688,1538,1,0,0,0,256,224,5.409275962,4.733116466,0,54,15.5,21.23205124,450.8,0,0,0,8,15,0,0,0,0,16.53333333,13.0,12.85714286,0,0,0,194,8,134,0,6,0,6,504,227,3,32,0,0,0,0,1602470000000000.0,0.0,1602470000000000.0,1602470000000000.0
192.168.2.52-192.168.2.36-21-40985-6,192.168.2.52,21,192.168.2.36,40985,6,10/20/2015 21:49,205150,1,1,0,0,0,0,0.0,0.0,0,0,0.0,0.0,0.0,9.748964173,205150.0,0.0,205150,205150,0,0.0,0.0,0,0,0,0.0,0.0,0,0,0,0,0,0,32,20,4.874482086,4.874482086,0,0,0.0,0.0,0.0,1,0,1,0,1,0,0,0,1,0.0,0.0,0.0,0,0,0,0,0,0,0,0,0,0,227,0,0,32,0,0,0,0,1602470000000000.0,0.0,1602470000000000.0,1602470000000000.0
192.168.2.52-192.168.2.36-36772-4455-6,192.168.2.52,36772,192.168.2.36,4455,6,10/20/2015 21:47,4919919,94,92,1228,121572,1228,0,13.06382979,126.658529,2456,1228,1321.434783,327.3725339,24959.76052,37.80550046,26594.15676,45554.65194,165271,11,4919919,52902.35484,52479.64465,165414,60,4919817,54063.92308,52468.1477,165285,33,0,0,0,0,3092,2944,19.10600561,18.69949485,0,2456,663.2513369,700.0630662,490088.2967,0,0,0,20,186,0,0,0,0,666.8172043,13.06382979,1321.434783,0,0,0,122800,93,24960,0,6,0,653,509,509,0,32,0,0,0,0,1602470000000000.0,0.0,1602470000000000.0,1602470000000000.0
192.168.2.36-192.168.2.52-36715-6200-6,192.168.2.36,36715,192.168.2.52,6200,6,10/20/2015 21:46,245196,1,1,0,0,0,0,0.0,0.0,0,0,0.0,0.0,0.0,8.156739914,245196.0,0.0,245196,245196,0,0.0,0.0,0,0,0,0.0,0.0,0,0,0,0,0,0,40,20,4.078369957,4.078369957,0,0,0.0,0.0,0.0,0,1,1,0,1,0,0,0,1,0.0,0.0,0.0,0,0,0,0,0,0,0,0,0,0,64480,0,0,40,0,0,0,0,1602470000000000.0,0.0,1602470000000000.0,1602470000000000.0
192.168.2.52-192.168.2.36-36776-4455-6,192.168.2.52,36776,192.168.2.36,4455,6,10/20/2015 21:50,4925191,82,89,1228,122800,1228,0,14.97560976,135.609914,2456,1228,1379.775281,406.4486368,25182.37364,34.7194657,28971.71176,47143.54798,167814,9,4925191,60804.82716,53365.96162,167922,39,4924994,55965.84091,53446.36545,167851,26,0,0,0,0,2988,2848,16.64910051,18.07036519,0,2456,728.2325581,748.3882045,560084.9047,0,0,0,26,171,0,0,0,1,732.4912281,14.97560976,1379.775281,0,0,0,124028,90,25183,0,7,0,718,509,509,0,32,0,0,0,0,1602470000000000.0,0.0,1602470000000000.0,1602470000000000.0
192.168.2.52-192.168.2.36-36776-4455-6,192.168.2.52,36776,192.168.2.36,4455,6,10/20/2015 21:50,4991949,84,95,2456,121572,2456,0,29.23809524,267.9715692,2456,1228,1279.705263,247.9267168,24845.6064,35.85773813,28044.6573,45164.83137,187661,12,4991949,60143.96386,51838.73099,187767,35,4893772,52061.40426,51637.42388,187788,23,1,0,0,0,3776,3040,16.82709499,19.03064314,0,2456,702.6888889,687.230937,472286.3608,0,0,0,18,179,0,0,0,1,706.6145251,29.23809524,1279.705263,0,0,0,124028,96,24845,0,13,0,679,509,509,0,32,0,0,0,0,1602470000000000.0,0.0,1602470000000000.0,1602470000000000.0
192.168.2.52-192.168.2.36-36778-4455-6,192.168.2.52,36778,192.168.2.36,4455,6,10/20/2015 21:53,4999346,87,93,1228,121572,1228,0,14.11494253,131.6554193,2456,1228,1307.225806,303.3180326,24563.21287,36.00470942,27929.30726,45052.37187,167716,7,4999346,58131.93023,50961.27387,167839,36,4999244,54339.6087,51353.96505,167862,25,0,0,0,0,3092,2976,17.40227622,18.6024332,0,2456,685.2375691,688.8539064,474519.7044,0,0,0,23,180,0,0,0,1,689.0444444,14.11494253,1307.225806,0,0,0,122800,94,24563,0,6,0,675,509,509,0,32,0,0,0,0,1602470000000000.0,0.0,1602470000000000.0,1602470000000000.0
192.168.2.52-192.168.2.36-36776-4455-6,192.168.2.52,36776,192.168.2.36,4455,6,10/20/2015 21:51,76489,2,2,0,112,0,0,0.0,0.0,112,0,56.0,79.19595949,1464.262835,52.29510126,25496.33333,38877.75912,70248,47,70295,70295.0,0.0,70295,70295,6241,6241.0,0.0,6241,6241,0,0,0,0,52,64,26.14755063,26.14755063,0,112,22.4,50.0879227,2508.8,2,0,1,1,3,0,0,0,1,28.0,0.0,56.0,0,0,0,0,0,0,0,0,0,28,4024,503,0,20,0,0,0,0,1602470000000000.0,0.0,1602470000000000.0,1602470000000000.0
192.168.2.52-192.168.2.36-36776-4455-6,192.168.2.52,36776,192.168.2.36,4455,6,10/20/2015 21:51,4971989,56,91,1228,120344,1228,0,21.92857143,164.0984025,2456,1228,1322.461538,329.0372592,24451.38153,29.56563259,34054.71918,48415.86093,171280,14,4971989,90399.8,39797.78205,171401,64,4971552,55239.46667,52919.13832,171316,43,0,0,0,0,1932,2912,11.26309813,18.30253446,0,2456,829.7297297,690.1610045,476322.2122,0,0,0,48,147,0,0,0,1,835.3741497,21.92857143,1322.461538,0,0,0,121572,92,24451,0,8,0,818,509,509,0,32,0,0,0,0,1602470000000000.0,0.0,1602470000000000.0,1602470000000000.0
192.168.2.52-192.168.2.36-36774-4455-6,192.168.2.52,36774,192.168.2.36,4455,6,10/20/2015 21:48,4999433,67,78,1228,122800,1228,0,18.32835821,150.0240777,2456,1228,1574.358974,556.1744792,24808.41327,29.00328897,34718.28472,48764.55055,197812,8,4999433,75748.98485,46053.49918,197938,37,4998176,64911.37662,50022.15132,197955,34,1,0,0,0,3208,2496,13.40151973,15.60176924,0,2456,857.9178082,881.637626,777284.9035,0,0,0,44,145,0,0,0,1,863.8344828,18.32835821,1574.358974,0,0,0,124028,79,24808,0,8,0,846,509,509,0,32,0,0,0,0,1602470000000000.0,0.0,1602470000000000.0,1602470000000000.0
172.28.128.10-172.28.128.11-64715-5500-6,172.28.128.10,64715,172.28.128.11,5500,6,10/20/2015 23:01,4182965,6,16,48516,0,14448,2192,8086.0,4631.914162,0,0,0.0,0.0,11598.47142,5.259427224,199188.8095,912154.8882,4180159,1,4182621,836524.2,1869480.749,4180753,155,4182372,278824.8,1079480.197,4180913,1,0,0,0,0,120,320,1.434389243,3.825037981,0,14448,2625.565217,4680.546159,21907512.35,0,0,0,2,22,0,0,0,2,2744.909091,8086.0,0.0,0,0,0,32768,4,26277465,0,2205,0,0,256,256,5,20,1215,0,1215,1215,801236000000000.0,1133120000000000.0,1602470000000000.0,4180159.0
172.28.129.14-172.28.129.11-46472-4477-6,172.28.129.14,46472,172.28.129.11,4477,6,10/20/2015 22:04,3325381,39,32,62864,544,3150,0,1611.897436,1155.714766,384,0,17.0,72.69201491,19067.89027,21.35093693,47505.44286,272054.1021,1845164,6,3325381,87510.02632,366700.464,1845164,21,3325041,107259.3871,404760.2818,1846671,7,1,0,0,0,1248,1024,11.72797944,9.62295749,0,3150,882.4444444,1164.065737,1355049.039,0,0,0,5,71,0,0,0,0,894.8732394,1611.897436,17.0,0,0,0,31560,18,910691,0,885,0,7,347,256,36,32,0,0,0,0,1602470000000000.0,0.0,1602470000000000.0,1602470000000000.0
172.28.129.14-172.28.129.12-36960-4488-6,172.28.129.14,36960,172.28.129.12,4488,6,10/20/2015 22:40,56720,2,2,128,288,128,0,64.0,90.50966799,288,0,144.0,203.646753,7334.273625,70.52186178,18906.66667,32219.3266,56109,32,56720,56720.0,0.0,56720,56720,56109,56109.0,0.0,56109,56109,1,0,0,0,64,64,35.26093089,35.26093089,0,288,108.8,118.874724,14131.2,0,0,0,2,4,0,0,0,1,136.0,64.0,144.0,0,0,0,0,0,0,0,32,0,72,397,256,0,32,0,0,0,0,1602470000000000.0,0.0,1602470000000000.0,1602470000000000.0
10.147.20.236-10.147.20.237-52894-4499-6,10.147.20.236,52894,10.147.20.237,4499,6,10/20/2015 22:50,3571536,154,77,81284,0,536,72,527.8181818,58.88433933,0,0,0.0,0.0,22758.83541,64.67805448,15528.41739,172373.9699,2416955,0,3546458,23179.46405,214000.4634,2436245,0,3553716,46759.42105,300729.4682,2430722,0,0,0,0,0,3080,1540,43.11870299,21.55935149,0,536,352.6724138,253.6770205,64352.03075,0,0,0,3,231,0,0,0,0,354.1991342,527.8181818,0.0,0,0,0,27094,51,1401980,0,351,0,0,257,256,153,20,0,0,0,0,1602470000000000.0,0.0,1602470000000000.0,1602470000000000.0
172.28.129.14-172.28.129.12-45156-445-6,172.28.129.14,45156,172.28.129.12,445,6,10/20/2015 22:37,4372294,24,14,1028,816,90,0,42.83333333,39.91912113,136,0,58.28571429,55.33037637,421.7465706,8.691089849,118170.1081,231139.0532,761041,1,4372294,190099.7391,270422.612,761041,1,3611001,277769.3077,268003.2701,601069,120,0,0,0,0,768,448,5.489109378,3.201980471,0,136,49.58974359,45.95118574,2111.511471,1,0,0,16,38,0,0,0,0,50.89473684,42.83333333,58.28571429,0,0,0,1844,23,510,0,27,0,21,252,256,14,32,0,0,0,0,1602470000000000.0,0.0,1602470000000000.0,1602470000000000.0
172.28.129.14-172.28.129.11-46470-4477-6,172.28.129.14,46470,172.28.129.11,4477,6,10/20/2015 22:04,19,1,1,0,0,0,0,0.0,0.0,0,0,0.0,0.0,0.0,105263.1579,19.0,0.0,19,19,0,0.0,0.0,0,0,0,0.0,0.0,0,0,0,0,0,0,40,20,52631.57895,52631.57895,0,0,0.0,0.0,0.0,0,1,1,0,1,0,0,0,1,0.0,0.0,0.0,0,0,0,0,0,0,0,0,0,0,29200,0,0,40,0,0,0,0,1602470000000000.0,0.0,1602470000000000.0,1602470000000000.0
10.147.20.236-10.147.20.237-52894-4499-6,10.147.20.236,52894,10.147.20.237,4499,6,10/20/2015 22:50,3544502,170,85,89856,0,536,72,528.5647059,56.21649762,0,0,0.0,0.0,25350.81092,71.94240545,13954.73228,153563.6242,2006189,0,3513035,20787.18935,193409.6933,2062088,0,3532406,42052.45238,267875.1208,2018341,0,0,0,0,0,3400,1700,47.96160363,23.98080182,0,536,353.09375,253.5956775,64310.76765,0,0,0,3,255,0,0,0,0,354.4784314,528.5647059,0.0,0,0,0,29952,56,0,0,352,0,0,257,256,169,20,0,0,0,0,1602470000000000.0,0.0,1602470000000000.0,1602470000000000.0
172.28.129.14-172.28.129.12-36960-4488-6,172.28.129.14,36960,172.28.129.12,4488,6,10/20/2015 22:37,3738852,1270,50,114052,0,90,8,89.80472441,3.982583404,0,0,0.0,0.0,30504.55059,353.0495457,2834.611069,61216.82611,1474767,0,3738783,2946.243499,62411.84529,1474798,0,3738769,76301.40816,311751.5286,1474833,18,0,0,0,0,40640,1600,339.6764568,13.37308885,0,90,86.40575322,17.58336241,309.1746335,0,0,0,7,1320,0,0,0,0,86.47121212,89.80472441,0.0,0,0,0,38017,423,143772,0,86,0,0,229,256,1269,32,0,0,0,0,1602470000000000.0,0.0,1602470000000000.0,1602470000000000.0
172.28.129.14-172.28.129.12-36960-4488-6,172.28.129.14,36960,172.28.129.12,4488,6,10/20/2015 22:38,2546510,971,38,87235,0,90,8,89.84037075,3.45937505,0,0,0.0,0.0,34256.68857,396.2285638,2526.299603,57106.17426,1463378,0,2546383,2625.137113,58216.25665,1463459,0,2546450,68822.97297,294177.588,1463436,56,0,0,0,0,31072,1216,381.3061798,14.92238397,0,90,86.46039604,17.43681545,304.042533,0,0,0,3,1009,0,0,0,0,86.54608523,89.84037075,0.0,0,0,0,29078,323,7935504,0,86,0,0,229,256,970,32,0,0,0,0,1602470000000000.0,0.0,1602470000000000.0,1602470000000000.0
172.28.129.14-172.28.129.11-46472-4477-6,172.28.129.14,46472,172.28.129.11,4477,6,10/20/2015 22:04,4521402,1270,56,114048,0,90,8,89.8015748,3.985592339,0,0,0.0,0.0,25224.03449,293.2718657,3412.378868,74972.52796,1874071,0,4521082,3562.712372,76608.81741,1874115,0,4521311,82205.65455,362253.581,1874126,13,0,0,0,0,40640,1792,280.8863269,12.38553882,0,90,86.01205727,18.47716391,341.405586,0,0,0,4,1326,0,0,0,0,86.07692308,89.8015748,0.0,0,0,0,38016,423,135555,0,86,0,0,241,256,1269,32,0,0,0,0,1602470000000000.0,0.0,1602470000000000.0,1602470000000000.0
192.168.2.52-192.168.2.36-36778-4455-6,192.168.2.52,36778,192.168.2.36,4455,6,10/20/2015 22:54,4723755,5,3,7368,464,2456,0,1473.6,1345.206601,464,0,154.6666667,267.8905249,1658.003008,1.693567935,674822.1429,979202.7393,2566759,11,4723755,1180938.75,1058677.715,2566770,21,3530575,1765287.5,1133484.392,2566782,963793,0,0,0,0,172,96,1.058479959,0.635087976,0,2456,870.2222222,1198.724507,1436940.444,0,0,0,1,8,0,0,0,0,979.0,1473.6,154.6666667,0,0,0,0,0,0,0,921,0,58,1594,1594,3,32,0,0,0,0,1602470000000000.0,0.0,1602470000000000.0,1602470000000000.0
192.168.2.52-192.168.2.36-36778-4455-6,192.168.2.52,36778,192.168.2.36,4455,6,10/20/2015 22:18,4610146,14,18,4640,1552,1228,84,331.4285714,277.7308366,336,0,86.22222222,143.5432116,1343.124491,6.94121184,148714.3871,222133.2099,1104151,24,4354723,334978.6923,391990.5351,1497514,122,4397731,258690.0588,249803.6464,1104151,28293,1,0,0,0,448,576,3.03678018,3.90443166,0,1228,196.3636364,239.4772716,57349.36364,0,0,0,18,32,0,0,0,1,202.5,331.4285714,86.22222222,0,0,0,3096,9,2166,0,145,0,48,1594,1594,13,32,0,0,0,0,1602470000000000.0,0.0,1602470000000000.0,1602470000000000.0
192.168.2.52-192.168.2.36-36778-4455-6,192.168.2.52,36778,192.168.2.36,4455,6,10/20/2015 22:59,4948355,33,42,3372,44780,1228,0,102.1818182,299.8217652,2456,0,1066.190476,478.4170667,9730.910575,15.15655203,66869.66216,89241.00909,401014,13,4948355,154636.0938,114138.7884,466582,132,4948112,120685.6585,90767.34424,401340,30,0,0,0,0,1056,1344,6.668882891,8.487669134,0,2456,649.7368421,630.0616133,396977.6365,0,0,0,23,75,0,0,0,1,658.4,102.1818182,1066.190476,0,0,0,48152,43,9731,0,44,0,597,1597,1597,5,32,0,0,0,0,1602470000000000.0,0.0,1602470000000000.0,1602470000000000.0
172.28.129.14-172.28.129.10-56286-4477-6,172.28.129.14,56286,172.28.129.10,4477,6,10/20/2015 22:59,4252048,28,28,30768,3104,5490,0,1098.857143,1549.47001,288,0,110.8571429,133.0791227,7966.043657,13.17012414,77309.96364,404667.1857,2971709,5,4252048,157483.2593,571842.0826,2971709,18,4251387,157458.7778,571936.9111,2972135,11,1,0,0,0,896,896,6.585062069,6.585062069,0,5490,597.0526316,1188.950324,1413602.872,0,0,0,15,56,0,0,0,1,607.7142857,1098.857143,110.8571429,0,0,0,16936,14,26456,0,549,0,55,2546,256,15,32,0,0,0,0,1602470000000000.0,0.0,1602470000000000.0,1602470000000000.0
192.168.2.52-192.168.2.36-36778-4455-6,192.168.2.52,36778,192.168.2.36,4455,6,10/20/2015 22:28,4955861,40,57,5016,74616,2456,0,125.4,405.2512231,2456,0,1309.052632,819.2932586,16068.24727,19.57278463,51623.55208,74039.71061,274528,16,4746997,121717.8718,77840.09886,274568,145,4856590,86724.82143,79664.30581,274796,62,1,0,0,0,1280,1824,8.071251393,11.50153324,0,2456,837.6326531,905.7209851,820330.5028,0,0,0,44,97,0,0,0,1,846.2680412,125.4,1309.052632,0,0,0,79632,58,16775,0,51,0,769,1594,1594,9,32,0,0,0,0,1602470000000000.0,0.0,1602470000000000.0,1602470000000000.0
192.168.2.52-192.168.2.36-36778-4455-6,192.168.2.52,36778,192.168.2.36,4455,6,10/20/2015 22:58,4916824,27,28,18432,4016,1228,40,682.6666667,481.9332862,912,0,143.4285714,285.037675,4565.548818,11.18608272,91052.2963,102843.4515,301110,18,4916824,189108.6154,90848.06164,382659,215,4711288,174492.1481,118166.6311,406957,31,1,0,0,0,864,896,5.491349701,5.694733023,0,1228,410.5714286,471.8899277,222680.1039,0,0,0,27,55,0,0,0,1,418.0363636,682.6666667,143.4285714,0,0,0,22448,33,4565,0,335,0,73,1597,1597,26,32,0,0,0,0,1602470000000000.0,0.0,1602470000000000.0,1602470000000000.0
192.168.2.52-192.168.2.36-36778-4455-6,192.168.2.52,36778,192.168.2.36,4455,6,10/20/2015 22:08,614930,4,3,960,128,320,160,240.0,76.17523657,128,0,42.66666667,73.90083446,1769.307076,11.38340949,102488.3333,112144.3155,206514,22,408416,136138.6667,117644.5814,205301,302,411854,205927.0,861.2560595,206536,205318,1,0,0,0,128,96,6.504805425,4.878604069,0,320,172.0,125.6207444,15780.57143,0,0,0,5,7,0,0,0,0,196.5714286,240.0,42.66666667,0,0,0,1088,5,2663,0,137,0,18,503,503,3,32,0,0,0,0,1602470000000000.0,0.0,1602470000000000.0,1602470000000000.0
192.168.2.52-192.168.2.36-36778-4455-6,192.168.2.52,36778,192.168.2.36,4455,6,10/20/2015 22:28,4841653,48,68,3032,103696,2456,0,63.16666667,355.8330551,2456,0,1524.941176,653.0633642,22043.7111,23.95875954,42101.33043,57649.89307,259763,26,4841653,103013.8936,50867.4996,259922,162,4797199,71599.98507,62504.55612,273403,68,1,0,0,0,1536,2176,9.913969465,14.04479007,0,2456,933.1965812,914.3943562,836117.0386,0,0,0,49,116,0,0,0,1,941.2413793,63.16666667,1524.941176,0,0,0,106728,70,22044,0,26,0,893,1594,1594,3,32,0,0,0,0,1602470000000000.0,0.0,1602470000000000.0,1602470000000000.0
172.28.129.14-172.28.129.10-56286-4477-6,172.28.129.14,56286,172.28.129.10,4477,6,10/20/2015 22:56,4963223,79,78,288,23024,288,0,3.64556962,32.40253155,400,288,295.1794872,27.61034231,4696.947931,31.63267095,31815.53205,26442.27332,98794,37,4945406,63402.64103,12612.72434,99347,262,4904404,63693.55844,8698.305365,99490,48037,1,0,0,0,2528,2496,15.91707646,15.71559448,0,400,149.3670886,149.2174216,22265.83891,0,0,0,79,157,0,0,0,0,150.3184713,3.64556962,295.1794872,0,0,0,23312,79,4696,0,1,0,146,256,256,0,32,0,0,0,0,1602470000000000.0,0.0,1602470000000000.0,1602470000000000.0
192.168.2.52-192.168.2.36-36778-4455-6,192.168.2.52,36778,192.168.2.36,4455,6,10/20/2015 22:44,4815861,20,27,5664,3200,416,0,283.2,121.8634266,384,0,118.5185185,171.8251281,1840.584685,9.75941789,104692.6304,134476.0806,400882,12,4815861,253466.3684,78356.57622,401320,17,4604008,177077.2308,135533.5299,400917,12,0,0,0,0,640,864,4.152943783,5.606474107,0,416,184.6666667,172.3555619,29706.43972,0,0,0,28,47,0,0,0,1,188.5957447,283.2,118.5185185,0,0,0,8864,28,1840,0,120,0,68,1594,1594,19,32,0,0,0,0,1602470000000000.0,0.0,1602470000000000.0,1602470000000000.0
172.28.129.14-172.28.129.10-56286-4477-6,172.28.129.14,56286,172.28.129.10,4477,6,10/20/2015 22:35,1592085,15,23,640,74624,208,0,42.66666667,74.72106862,5760,0,3244.521739,2620.956953,47273.85787,23.86807237,43029.32432,122986.6914,475015,5,1592085,113720.3571,182349.7977,475015,54,1589893,72267.86364,154266.833,475495,20,1,0,0,0,480,736,9.421607515,14.44646486,0,5760,1933.538462,2552.440874,6514954.413,0,0,0,8,38,0,0,0,1,1984.421053,42.66666667,3244.521739,0,0,0,75264,23,47326,0,16,0,1963,1362,256,3,32,0,0,0,0,1602470000000000.0,0.0,1602470000000000.0,1602470000000000.0
10.147.20.236-10.147.20.237-52894-4499-6,10.147.20.236,52894,10.147.20.237,4499,6,10/20/2015 22:56,4890199,76,87,0,9744,0,0,0.0,0.0,112,112,112.0,0.0,1992.556949,33.33197688,30186.41358,35851.53037,129107,3,4890146,65201.94667,22151.12264,129235,16957,4890106,56861.69767,30109.78912,129153,3,0,0,0,0,1520,1740,15.54128983,17.79068705,0,112,59.41463415,56.06699569,3143.508005,0,0,0,0,163,0,0,0,1,59.7791411,0.0,112.0,0,0,0,9744,87,1992,0,0,0,59,257,256,0,20,0,0,0,0,1602470000000000.0,0.0,1602470000000000.0,1602470000000000.0
172.28.129.14-172.28.129.10-56286-4477-6,172.28.129.14,56286,172.28.129.10,4477,6,10/20/2015 22:39,59566,3,2,128,160,90,0,42.66666667,45.181117,160,0,80.0,113.137085,4834.972971,83.94050297,14891.5,29355.4556,58924,0,59566,29783.0,42119.52253,59566,0,58924,58924.0,0.0,58924,58924,0,0,0,0,96,64,50.36430178,33.57620119,0,160,63.0,62.3377895,3886.0,0,0,0,2,5,0,0,0,0,75.6,42.66666667,80.0,0,0,0,0,0,0,0,25,0,32,1403,256,1,32,0,0,0,0,1602470000000000.0,0.0,1602470000000000.0,1602470000000000.0
172.28.129.14-172.28.129.10-56286-4477-6,172.28.129.14,56286,172.28.129.10,4477,6,10/20/2015 22:35,3660190,15,15,1056,11568,208,0,70.4,79.72524246,5760,0,771.2,1818.610584,3449.001281,8.196295821,126213.4483,241519.4211,1025749,13,3660190,261442.1429,295964.0193,1025749,172,3659682,261405.8571,296385.3585,1026373,200,1,0,0,0,480,480,4.09814791,4.09814791,0,5760,411.8709677,1292.921234,1671645.316,0,0,0,14,30,0,0,0,1,425.6,70.4,771.2,0,0,0,6312,7,4791,0,35,0,385,1056,256,6,32,0,0,0,0,1602470000000000.0,0.0,1602470000000000.0,1602470000000000.0
172.28.129.14-172.28.129.10-56286-4477-6,172.28.129.14,56286,172.28.129.10,4477,6,10/20/2015 22:45,63194,3,2,128,160,90,0,42.66666667,45.181117,160,0,80.0,113.137085,4557.394689,79.12143558,15798.5,31128.26223,62489,0,63194,31597.0,44684.90593,63194,0,62489,62489.0,0.0,62489,62489,0,0,0,0,96,64,47.47286135,31.64857423,0,160,63.0,62.3377895,3886.0,0,0,0,2,5,0,0,0,0,75.6,42.66666667,80.0,0,0,0,0,0,0,0,25,0,32,1416,256,1,32,0,0,0,0,1602470000000000.0,0.0,1602470000000000.0,1602470000000000.0
10.147.20.236-10.147.20.237-52894-4499-6,10.147.20.236,52894,10.147.20.237,4499,6,10/20/2015 22:59,931053,15,16,128,1632,128,0,8.533333333,33.04945789,112,0,102.0,29.71868099,1890.332774,33.29563408,31035.1,35046.56677,113590,2,931053,66503.78571,18239.24508,113638,37446,239239,15949.26667,32994.81322,113625,2,1,0,0,0,300,320,16.11079069,17.1848434,0,128,59.0,57.1043188,3260.903226,0,0,0,2,31,0,1,0,1,60.90322581,8.533333333,102.0,0,0,0,1760,16,6120,0,4,0,52,256,256,0,20,0,0,0,0,1602470000000000.0,0.0,1602470000000000.0,1602470000000000.0
172.28.129.14-172.28.129.10-56286-4477-6,172.28.129.14,56286,172.28.129.10,4477,6,10/20/2015 22:36,3970259,23,14,1056,11568,90,0,45.91304348,38.80242851,10432,0,826.2857143,2766.378233,3179.641429,9.31929126,110284.9722,268081.917,1386467,0,3970259,180466.3182,326391.3054,1386467,0,3969662,305358.6154,381470.7833,1387470,47190,0,0,0,0,736,448,5.793072946,3.526218315,0,10432,334.5789474,1683.63647,2834631.764,0,0,0,14,37,0,0,0,0,343.6216216,45.91304348,826.2857143,0,0,0,6312,11,4888,0,28,0,312,1344,256,14,32,0,0,0,0,1602470000000000.0,0.0,1602470000000000.0,1602470000000000.0
172.28.129.14-172.28.129.10-56286-4477-6,172.28.129.14,56286,172.28.129.10,4477,6,10/20/2015 22:48,600806,4,4,272,3456,144,0,68.0,78.79086241,1968,0,864.0,1016.724151,6204.997953,13.31544625,85829.42857,163718.1358,446241,17,600806,200268.6667,214759.314,446241,49992,600271,200090.3333,215453.5601,446869,49398,1,0,0,0,128,128,6.657723125,6.657723125,0,1968,428.4444444,749.0485817,561073.7778,0,0,0,4,8,0,0,0,1,482.0,68.0,864.0,0,0,0,3728,4,6205,0,34,0,432,1428,256,1,32,0,0,0,0,1602470000000000.0,0.0,1602470000000000.0,1602470000000000.0
172.28.129.14-172.28.129.10-56286-4477-6,172.28.129.14,56286,172.28.129.10,4477,6,10/20/2015 22:37,1103018,9,6,416,512,90,0,46.22222222,39.28669551,176,0,85.33333333,93.66037939,841.3280654,13.59905278,78787.0,161643.556,457188,0,1103018,137877.25,198097.833,457188,0,1102529,220505.8,214743.613,457662,55867,0,0,0,0,288,192,8.159431668,5.439621112,0,176,63.625,64.52790094,4163.85,0,0,0,6,15,0,0,0,0,67.86666667,46.22222222,85.33333333,0,0,0,928,9,841,0,27,0,34,1372,256,5,32,0,0,0,0,1602470000000000.0,0.0,1602470000000000.0,1602470000000000.0
10.147.20.236-10.147.20.237-52894-4499-6,10.147.20.236,52894,10.147.20.237,4499,6,10/20/2015 22:56,4996108,78,90,576,9632,144,0,7.384615385,31.96801598,112,0,107.0222222,23.2103124,2043.190419,33.62617461,29916.81437,36871.45029,175581,3,4996074,64884.07792,27215.86001,175728,147,4996052,56135.41573,32887.08603,175623,3,0,0,0,0,1560,1836,15.6121525,18.01402211,0,144,60.40236686,56.96388993,3244.884756,0,0,0,4,168,0,0,0,1,60.76190476,7.384615385,107.0222222,0,0,0,10208,90,2043,0,3,0,57,257,256,4,20,0,0,0,0,1602470000000000.0,0.0,1602470000000000.0,1602470000000000.0
