0,207.46.163.138,50086,10.2.1.101,25,6,2017-02-01 23:45:09,9.016206,4,0,260,0,66,62,65.0,1.7320508075688772,0,0,0.0,0.0,28.8369631306117,0.4436455866247953,3.005402,2.451982313450623,6.0061,0.0,9.016206,3.005402,2.451982313450623,6.0061,0.0,0.0,0.0,0.0,0.0,0.0,0,0,0,0,80,0,0.4436455866247953,0.0,62,66,65.0,1.7320508075688772,3.0,0,4,0,0,0,0,0,0,0.0,65.0,65.0,0.0,0.0,0.0,0.0,0.0,0.0,0.0,4,260,0,0,8192,0,0,20,0,0,0,0,0,0,0,0
0,208.69.85.41,50723,10.2.1.101,25,6,2017-02-01 23:48:22,9.016354,4,0,260,0,66,62,65.0,1.7320508075688772,0,0,0.0,0.0,28.83648978289894,0.4436383043522914,3.0054513333333333,2.451975892815878,6.006084,0.0,9.016354,3.0054513333333333,2.451975892815878,6.006084,0.0,0.0,0.0,0.0,0.0,0.0,0,0,0,0,80,0,0.4436383043522914,0.0,62,66,65.0,1.7320508075688772,3.0,0,4,0,0,0,0,0,0,0.0,65.0,65.0,0.0,0.0,0.0,0.0,0.0,0.0,0.0,4,260,0,0,8192,0,0,20,0,0,0,0,0,0,0,0
0,199.230.200.36,50323,10.2.1.101,25,6,2017-02-01 23:46:15,9.016454,4,0,260,0,66,62,65.0,1.7320508075688772,0,0,0.0,0.0,28.83616996216029,0.4436333840332352,3.0054846666666664,2.452042343513713,6.006247,0.0,9.016454,3.0054846666666664,2.452042343513713,6.006247,0.0,0.0,0.0,0.0,0.0,0.0,0,0,0,0,80,0,0.4436333840332352,0.0,62,66,65.0,1.7320508075688772,3.0,0,4,0,0,0,0,0,0,0.0,65.0,65.0,0.0,0.0,0.0,0.0,0.0,0.0,0.0,4,260,0,0,8192,0,0,20,0,0,0,0,0,0,0,0
0,72.167.238.29,49369,10.2.1.101,25,6,2017-02-01 23:41:18,0.34322,5,4,312,407,66,60,62.4,2.9393876913398134,233,54,101.75,75.93541663808791,2094.866266534584,26.22224812073888,0.0429025,0.0597268796941544,0.1751,0.0,0.264735,0.06618375,0.0704447483222667,0.175766,0.0,0.2634559999999999,0.0878186666666666,0.071348910953302,0.175314,0.000546,0,1,0,0,100,80,14.567915622632713,11.65433249810617,54,233,79.88888888888889,54.3127659322362,2949.876543209877,2,3,0,1,7,0,0,0,0.8,79.88888888888889,62.4,101.75,0.0,0.0,0.0,0.0,0.0,0.0,5,312,4,407,8192,14600,3,20,0,0,0,0,0,0,0,0
0,207.211.31.81,50133,10.2.1.101,25,6,2017-02-01 23:45:12,9.000753,4,0,260,0,66,62,65.0,1.7320508075688772,0,0,0.0,0.0,28.886472054060366,0.4444072623701595,3.000251,2.451985299434317,6.006105,0.0,9.000753,3.000251,2.451985299434317,6.006105,0.0,0.0,0.0,0.0,0.0,0.0,0,0,0,0,80,0,0.4444072623701595,0.0,62,66,65.0,1.7320508075688772,3.0,0,4,0,0,0,0,0,0,0.0,65.0,65.0,0.0,0.0,0.0,0.0,0.0,0.0,0.0,4,260,0,0,8192,0,0,20,0,0,0,0,0,0,0,0
0,104.44.194.234,49582,10.2.1.101,25,6,2017-02-01 23:42:22,9.016956,4,0,260,0,66,62,65.0,1.7320508075688772,0,0,0.0,0.0,28.83456456924044,0.4436086856806221,3.005652,2.452064667194702,6.006301,0.0,9.016956,3.005652,2.452064667194702,6.006301,0.0,0.0,0.0,0.0,0.0,0.0,0,0,0,0,80,0,0.4436086856806221,0.0,62,66,65.0,1.7320508075688772,3.0,0,4,0,0,0,0,0,0,0.0,65.0,65.0,0.0,0.0,0.0,0.0,0.0,0.0,0.0,4,260,0,0,8192,0,0,20,0,0,0,0,0,0,0,0
0,10.2.2.1,54033,10.2.1.101,53,17,2017-02-01 23:40:56,0.096828,2,1,164,130,82,82,82.0,0.0,130,130,130.0,0.0,3036.311810633288,30.982773577890693,0.048414,0.048414,0.096828,0.0,0.0,0.0,0.0,0.0,0.0,0.0,0.0,0.0,0.0,0.0,0,0,0,0,40,20,20.655182385260463,10.327591192630232,82,130,98.0,22.62741699796952,512.0,0,0,0,0,0,0,0,0,0.5,98.0,82.0,130.0,0.0,0.0,0.0,0.0,0.0,0.0,2,164,1,130,0,0,2,20,0,0,0,0,0,0,0,0
0,66.226.70.79,50199,10.2.1.101,25,6,2017-02-01 23:45:33,9.00089,4,0,260,0,66,62,65.0,1.7320508075688772,0,0,0.0,0.0,28.8860323812423,0.4444004981729584,3.000296666666667,2.451994611535316,6.006128,0.0,9.00089,3.000296666666667,2.451994611535316,6.006128,0.0,0.0,0.0,0.0,0.0,0.0,0,0,0,0,80,0,0.4444004981729584,0.0,62,66,65.0,1.7320508075688772,3.0,0,4,0,0,0,0,0,0,0.0,65.0,65.0,0.0,0.0,0.0,0.0,0.0,0.0,0.0,4,260,0,0,8192,0,0,20,0,0,0,0,0,0,0,0
0,148.163.158.5,51077,10.2.1.101,25,6,2017-02-01 23:50:25,9.000489,4,0,260,0,66,62,65.0,1.7320508075688772,0,0,0.0,0.0,28.88731934453784,0.4444202976082744,3.000163,2.4519605290633586,6.006044,0.0,9.000489,3.000163,2.4519605290633586,6.006044,0.0,0.0,0.0,0.0,0.0,0.0,0,0,0,0,80,0,0.4444202976082744,0.0,62,66,65.0,1.7320508075688772,3.0,0,4,0,0,0,0,0,0,0.0,65.0,65.0,0.0,0.0,0.0,0.0,0.0,0.0,0.0,4,260,0,0,8192,0,0,20,0,0,0,0,0,0,0,0
0,10.2.2.1,54052,10.2.1.101,53,17,2017-02-01 23:40:57,0.095406,2,1,158,191,79,79,79.0,0.0,191,191,191.0,0.0,3658.050856340272,31.444563235016663,0.047703,0.047703,0.095406,0.0,0.0,0.0,0.0,0.0,0.0,0.0,0.0,0.0,0.0,0.0,0,0,0,0,40,20,20.963042156677776,10.481521078338888,79,191,116.33333333333331,52.79730632859555,2787.555555555556,0,0,0,0,0,0,0,0,0.5,116.33333333333331,79.0,191.0,0.0,0.0,0.0,0.0,0.0,0.0,2,158,1,191,0,0,2,20,0,0,0,0,0,0,0,0
0,10.2.2.1,53952,10.2.1.101,53,17,2017-02-01 23:40:35,0.21032,3,2,237,308,83,77,79.0,2.8284271247461903,161,147,154.0,7.0,2591.289463674401,23.77329783187524,0.05258,0.0445875851499046,0.101338,0.0,0.108982,0.054491,0.054491,0.108982,0.0,0.0,0.0,0.0,0.0,0.0,0,0,0,0,60,40,14.263978699125142,9.509319132750097,77,161,109.0,37.07290115434723,1374.4,0,0,0,0,0,0,0,0,0.6666666666666666,109.0,79.0,154.0,0.0,0.0,0.0,0.0,0.0,0.0,3,237,2,308,0,0,3,20,0,0,0,0,0,0,0,0
0,103.9.171.59,49414,10.2.1.101,25,6,2017-02-01 23:41:39,9.015876,4,0,260,0,66,62,65.0,1.7320508075688772,0,0,0.0,0.0,28.83801862403609,0.4436618249851706,3.0052920000000003,2.451979663358297,6.006094,0.0,9.015876,3.0052920000000003,2.451979663358297,6.006094,0.0,0.0,0.0,0.0,0.0,0.0,0,0,0,0,80,0,0.4436618249851706,0.0,62,66,65.0,1.7320508075688772,3.0,0,4,0,0,0,0,0,0,0.0,65.0,65.0,0.0,0.0,0.0,0.0,0.0,0.0,0.0,4,260,0,0,8192,0,0,20,0,0,0,0,0,0,0,0
0,74.125.28.27,49647,10.2.1.101,25,6,2017-02-01 23:42:43,9.016301,4,0,260,0,66,62,65.0,1.7320508075688772,0,0,0.0,0.0,28.8366592907668,0.443640912165643,3.005433666666667,2.452010884414441,6.00617,0.0,9.016301,3.005433666666667,2.452010884414441,6.00617,0.0,0.0,0.0,0.0,0.0,0.0,0,0,0,0,80,0,0.443640912165643,0.0,62,66,65.0,1.7320508075688772,3.0,0,4,0,0,0,0,0,0,0.0,65.0,65.0,0.0,0.0,0.0,0.0,0.0,0.0,0.0,4,260,0,0,8192,0,0,20,0,0,0,0,0,0,0,0
0,10.2.2.1,54303,10.2.1.101,53,17,2017-02-01 23:44:27,0.000101,2,1,156,94,78,78,78.0,0.0,94,94,94.0,0.0,2475247.524752476,29702.970297029704,5.05e-05,5.05e-05,0.000101,0.0,0.0,0.0,0.0,0.0,0.0,0.0,0.0,0.0,0.0,0.0,0,0,0,0,40,20,19801.980198019803,9900.9900990099,78,94,83.33333333333333,7.542472332656507,56.88888888888889,0,0,0,0,0,0,0,0,0.5,83.33333333333333,78.0,94.0,0.0,0.0,0.0,0.0,0.0,0.0,2,156,1,94,0,0,2,20,0,0,0,0,0,0,0,0
0,207.46.163.170,49182,10.2.1.101,25,6,2017-02-01 23:40:35,9.01663,4,0,260,0,66,62,65.0,1.7320508075688772,0,0,0.0,0.0,28.83560709489022,0.4436247245367726,3.005543333333333,2.4519882939918145,6.006114,0.0,9.01663,3.005543333333333,2.4519882939918145,6.006114,0.0,0.0,0.0,0.0,0.0,0.0,0,0,0,0,80,0,0.4436247245367726,0.0,62,66,65.0,1.7320508075688772,3.0,0,4,0,0,0,0,0,0,0.0,65.0,65.0,0.0,0.0,0.0,0.0,0.0,0.0,0.0,4,260,0,0,8192,0,0,20,0,0,0,0,0,0,0,0
0,68.178.213.203,50059,10.2.1.101,25,6,2017-02-01 23:44:50,0.412543,5,4,312,407,66,60,62.4,2.9393876913398134,233,54,101.75,75.93541663808791,1742.8486242646222,21.81590767507872,0.051567875,0.0611774036602516,0.135775,0.0,0.281246,0.0703115,0.059792876534333,0.135944,0.0,0.289917,0.0966389999999999,0.0687057444905446,0.153899,2.6e-05,0,1,0,0,100,80,12.119948708377066,9.695958966701651,54,233,79.88888888888889,54.3127659322362,2949.876543209877,2,3,0,1,7,0,0,0,0.8,79.88888888888889,62.4,101.75,0.0,0.0,0.0,0.0,0.0,0.0,5,312,4,407,8192,14600,3,20,0,0,0,0,0,0,0,0
0,82.94.250.249,50483,10.2.1.101,25,6,2017-02-01 23:47:16,9.016335,4,0,260,0,66,62,65.0,1.7320508075688772,0,0,0.0,0.0,28.83655054964129,0.4436392392252506,3.005445,2.4519889130623462,6.006116,0.0,9.016335,3.005445,2.4519889130623462,6.006116,0.0,0.0,0.0,0.0,0.0,0.0,0,0,0,0,80,0,0.4436392392252506,0.0,62,66,65.0,1.7320508075688772,3.0,0,4,0,0,0,0,0,0,0.0,65.0,65.0,0.0,0.0,0.0,0.0,0.0,0.0,0.0,4,260,0,0,8192,0,0,20,0,0,0,0,0,0,0,0
0,68.1.17.3,49832,10.2.1.101,25,6,2017-02-01 23:43:45,9.016437,4,0,260,0,66,62,65.0,1.7320508075688772,0,0,0.0,0.0,28.836224331185367,0.4436342204797749,3.005479,2.451985314394984,6.006107,0.0,9.016437,3.005479,2.451985314394984,6.006107,0.0,0.0,0.0,0.0,0.0,0.0,0,0,0,0,80,0,0.4436342204797749,0.0,62,66,65.0,1.7320508075688772,3.0,0,4,0,0,0,0,0,0,0.0,65.0,65.0,0.0,0.0,0.0,0.0,0.0,0.0,0.0,4,260,0,0,8192,0,0,20,0,0,0,0,0,0,0,0
0,77.88.21.89,50430,10.2.1.101,25,6,2017-02-01 23:46:55,9.016362,4,0,260,0,66,62,65.0,1.7320508075688772,0,0,0.0,0.0,28.836464196978778,0.4436379107227504,3.0054540000000003,2.4519852651899576,6.006107,0.0,9.016362,3.0054540000000003,2.4519852651899576,6.006107,0.0,0.0,0.0,0.0,0.0,0.0,0,0,0,0,80,0,0.4436379107227504,0.0,62,66,65.0,1.7320508075688772,3.0,0,4,0,0,0,0,0,0,0.0,65.0,65.0,0.0,0.0,0.0,0.0,0.0,0.0,0.0,4,260,0,0,8192,0,0,20,0,0,0,0,0,0,0,0
0,207.46.163.247,50926,10.2.1.101,25,6,2017-02-01 23:49:32,9.016311,4,0,260,0,66,62,65.0,1.7320508075688772,0,0,0.0,0.0,28.83662730799769,0.4436404201230414,3.005437,2.4519799374531326,6.006094,0.0,9.016311,3.005437,2.4519799374531326,6.006094,0.0,0.0,0.0,0.0,0.0,0.0,0,0,0,0,80,0,0.4436404201230414,0.0,62,66,65.0,1.7320508075688772,3.0,0,4,0,0,0,0,0,0,0.0,65.0,65.0,0.0,0.0,0.0,0.0,0.0,0.0,0.0,4,260,0,0,8192,0,0,20,0,0,0,0,0,0,0,0
0,66.82.4.104,50800,10.2.1.101,25,6,2017-02-01 23:48:53,9.000609,4,0,260,0,66,62,65.0,1.7320508075688772,0,0,0.0,0.0,28.886934206340925,0.444414372405245,3.0002030000000004,2.451955523680776,6.006032,0.0,9.000609,3.0002030000000004,2.451955523680776,6.006032,0.0,0.0,0.0,0.0,0.0,0.0,0,0,0,0,80,0,0.444414372405245,0.0,62,66,65.0,1.7320508075688772,3.0,0,4,0,0,0,0,0,0,0.0,65.0,65.0,0.0,0.0,0.0,0.0,0.0,0.0,0.0,4,260,0,0,8192,0,0,20,0,0,0,0,0,0,0,0
0,12.216.231.39,49302,10.2.1.101,25,6,2017-02-01 23:40:57,9.016477,4,0,260,0,66,62,65.0,1.7320508075688772,0,0,0.0,0.0,28.836096404393867,0.4436322523752902,3.005492333333333,2.451994300467048,6.006129,0.0,9.016477,3.005492333333333,2.451994300467048,6.006129,0.0,0.0,0.0,0.0,0.0,0.0,0,0,0,0,80,0,0.4436322523752902,0.0,62,66,65.0,1.7320508075688772,3.0,0,4,0,0,0,0,0,0,0.0,65.0,65.0,0.0,0.0,0.0,0.0,0.0,0.0,0.0,4,260,0,0,8192,0,0,20,0,0,0,0,0,0,0,0
0,10.2.2.1,54204,10.2.1.101,53,17,2017-02-01 23:43:45,0.000101,2,1,162,97,81,81,81.0,0.0,97,97,97.0,0.0,2564356.4356435644,29702.970297029704,5.05e-05,5.05e-05,0.000101,0.0,0.0,0.0,0.0,0.0,0.0,0.0,0.0,0.0,0.0,0.0,0,0,0,0,40,20,19801.980198019803,9900.9900990099,81,97,86.33333333333333,7.542472332656507,56.88888888888889,0,0,0,0,0,0,0,0,0.5,86.33333333333333,81.0,97.0,0.0,0.0,0.0,0.0,0.0,0.0,2,162,1,97,0,0,2,20,0,0,0,0,0,0,0,0
0,66.82.4.105,51189,10.2.1.101,25,6,2017-02-01 23:50:59,9.000719,4,0,260,0,66,62,65.0,1.7320508075688772,0,0,0.0,0.0,28.88658117201526,0.444408941107927,3.000239666666667,2.451962808971666,6.00605,0.0,9.000719,3.000239666666667,2.451962808971666,6.00605,0.0,0.0,0.0,0.0,0.0,0.0,0,0,0,0,80,0,0.444408941107927,0.0,62,66,65.0,1.7320508075688772,3.0,0,4,0,0,0,0,0,0,0.0,65.0,65.0,0.0,0.0,0.0,0.0,0.0,0.0,0.0,4,260,0,0,8192,0,0,20,0,0,0,0,0,0,0,0
0,10.2.2.1,54516,10.2.1.101,53,17,2017-02-01 23:47:37,0.17746,3,2,252,408,90,81,84.0,4.242640687119285,250,158,204.0,46.0,3719.147977008903,28.17536346218866,0.044365,0.0375112686402366,0.09264,0.0,0.10934,0.05467,0.05467,0.10934,0.0,0.0,0.0,0.0,0.0,0.0,0,0,0,0,60,40,16.905218077313197,11.270145384875464,81,250,132.0,65.67495717547138,4313.2,0,0,0,0,0,0,0,0,0.6666666666666666,132.0,84.0,204.0,0.0,0.0,0.0,0.0,0.0,0.0,3,252,2,408,0,0,3,20,0,0,0,0,0,0,0,0
0,152.163.0.68,50203,10.2.1.101,25,6,2017-02-01 23:45:37,9.016369,4,0,260,0,66,62,65.0,1.7320508075688772,0,0,0.0,0.0,28.836441809335888,0.4436375662974752,3.005456333333333,2.4519889351806263,6.006116,0.0,9.016369,3.005456333333333,2.4519889351806263,6.006116,0.0,0.0,0.0,0.0,0.0,0.0,0,0,0,0,80,0,0.4436375662974752,0.0,62,66,65.0,1.7320508075688772,3.0,0,4,0,0,0,0,0,0,0.0,65.0,65.0,0.0,0.0,0.0,0.0,0.0,0.0,0.0,4,260,0,0,8192,0,0,20,0,0,0,0,0,0,0,0
0,10.2.2.1,54274,10.2.1.101,53,17,2017-02-01 23:44:08,0.486356,3,2,227,273,81,73,75.66666666666667,3.771236166328253,176,97,136.5,39.5,1028.0535245787037,10.280535245787036,0.1215889999999999,0.0903096574708375,0.251667,0.0,0.390025,0.1950125,0.1950125,0.390025,0.0,0.0,0.0,0.0,0.0,0.0,0,0,0,0,60,40,6.168321147472222,4.112214098314815,73,176,100.0,38.99743581314033,1520.8,0,0,0,0,0,0,0,0,0.6666666666666666,100.0,75.66666666666667,136.5,0.0,0.0,0.0,0.0,0.0,0.0,3,227,2,273,0,0,3,20,0,0,0,0,0,0,0,0
0,209.86.93.229,49764,10.2.1.101,25,6,2017-02-01 23:43:24,9.016375,4,0,260,0,66,62,65.0,1.7320508075688772,0,0,0.0,0.0,28.83642261995536,0.4436372710762363,3.0054583333333333,2.4520044154629,6.006154,0.0,9.016375,3.0054583333333333,2.4520044154629,6.006154,0.0,0.0,0.0,0.0,0.0,0.0,0,0,0,0,80,0,0.4436372710762363,0.0,62,66,65.0,1.7320508075688772,3.0,0,4,0,0,0,0,0,0,0.0,65.0,65.0,0.0,0.0,0.0,0.0,0.0,0.0,0.0,4,260,0,0,8192,0,0,20,0,0,0,0,0,0,0,0
0,208.80.204.253,50247,10.2.1.101,25,6,2017-02-01 23:45:52,9.000763,4,0,260,0,66,62,65.0,1.7320508075688772,0,0,0.0,0.0,28.88643996070111,0.4444067686261709,3.000254333333333,2.4519586819705768,6.00604,0.0,9.000763,3.000254333333333,2.4519586819705768,6.00604,0.0,0.0,0.0,0.0,0.0,0.0,0,0,0,0,80,0,0.4444067686261709,0.0,62,66,65.0,1.7320508075688772,3.0,0,4,0,0,0,0,0,0,0.0,65.0,65.0,0.0,0.0,0.0,0.0,0.0,0.0,0.0,4,260,0,0,8192,0,0,20,0,0,0,0,0,0,0,0
0,91.220.131.24,65365,10.2.1.101,50012,17,2017-02-01 23:39:34,0.291513,2,1,228,50,114,114,114.0,0.0,50,50,50.0,0.0,953.6452919766872,10.29113624435274,0.1457565,0.1457565,0.291513,0.0,0.0,0.0,0.0,0.0,0.0,0.0,0.0,0.0,0.0,0.0,0,0,0,0,40,20,6.860757496235159,3.43037874811758,50,114,92.66666666666669,30.169889330626027,910.2222222222222,0,0,0,0,0,0,0,0,0.5,92.66666666666669,114.0,50.0,0.0,0.0,0.0,0.0,0.0,0.0,2,228,1,50,0,0,2,20,0,0,0,0,0,0,0,0
0,10.2.2.1,54335,10.2.1.101,53,17,2017-02-01 23:44:48,0.080676,2,1,172,102,86,86,86.0,0.0,102,102,102.0,0.0,3396.301254400317,37.18578015766771,0.040338,0.040338,0.080676,0.0,0.0,0.0,0.0,0.0,0.0,0.0,0.0,0.0,0.0,0.0,0,0,0,0,40,20,24.790520105111806,12.395260052555903,86,102,91.33333333333331,7.542472332656507,56.88888888888889,0,0,0,0,0,0,0,0,0.5,91.33333333333331,86.0,102.0,0.0,0.0,0.0,0.0,0.0,0.0,2,172,1,102,0,0,2,20,0,0,0,0,0,0,0,0
0,207.46.163.247,51056,10.2.1.101,25,6,2017-02-01 23:50:14,9.016311,4,0,260,0,66,62,65.0,1.7320508075688772,0,0,0.0,0.0,28.83662730799769,0.4436404201230414,3.005437,2.451958352261446,6.006041,0.0,9.016311,3.005437,2.451958352261446,6.006041,0.0,0.0,0.0,0.0,0.0,0.0,0,0,0,0,80,0,0.4436404201230414,0.0,62,66,65.0,1.7320508075688772,3.0,0,4,0,0,0,0,0,0,0.0,65.0,65.0,0.0,0.0,0.0,0.0,0.0,0.0,0.0,4,260,0,0,8192,0,0,20,0,0,0,0,0,0,0,0
0,12.216.231.39,49441,10.2.1.101,25,6,2017-02-01 23:41:40,9.016412,4,0,260,0,66,62,65.0,1.7320508075688772,0,0,0.0,0.0,28.83630428600645,0.4436354505539454,3.005470666666667,2.452006068569072,6.006158,0.0,9.016412,3.005470666666667,2.452006068569072,6.006158,0.0,0.0,0.0,0.0,0.0,0.0,0,0,0,0,80,0,0.4436354505539454,0.0,62,66,65.0,1.7320508075688772,3.0,0,4,0,0,0,0,0,0,0.0,65.0,65.0,0.0,0.0,0.0,0.0,0.0,0.0,0.0,4,260,0,0,8192,0,0,20,0,0,0,0,0,0,0,0
0,205.139.110.221,49224,10.2.1.101,25,6,2017-02-01 23:40:36,8.999398,4,0,260,0,66,62,65.0,1.7320508075688772,0,0,0.0,0.0,28.890821363829005,0.4444741748281385,2.9997993333333333,2.4519872338798088,6.006107,0.0,8.999398,2.9997993333333333,2.4519872338798088,6.006107,0.0,0.0,0.0,0.0,0.0,0.0,0,0,0,0,80,0,0.4444741748281385,0.0,62,66,65.0,1.7320508075688772,3.0,0,4,0,0,0,0,0,0,0.0,65.0,65.0,0.0,0.0,0.0,0.0,0.0,0.0,0.0,4,260,0,0,8192,0,0,20,0,0,0,0,0,0,0,0
0,68.232.150.130,50605,10.2.1.101,25,6,2017-02-01 23:47:57,9.016339,4,0,260,0,66,62,65.0,1.7320508075688772,0,0,0.0,0.0,28.836537756621617,0.4436390424095633,3.005446333333333,2.45199461751317,6.00613,0.0,9.016339,3.005446333333333,2.45199461751317,6.00613,0.0,0.0,0.0,0.0,0.0,0.0,0,0,0,0,80,0,0.4436390424095633,0.0,62,66,65.0,1.7320508075688772,3.0,0,4,0,0,0,0,0,0,0.0,65.0,65.0,0.0,0.0,0.0,0.0,0.0,0.0,0.0,4,260,0,0,8192,0,0,20,0,0,0,0,0,0,0,0
0,203.198.53.131,49230,10.2.1.101,25,6,2017-02-01 23:40:36,9.016559,4,0,260,0,66,62,65.0,1.7320508075688772,0,0,0.0,0.0,28.835834158019704,0.4436282178156877,3.0055196666666664,2.452004943380054,6.006155,0.0,9.016559,3.0055196666666664,2.452004943380054,6.006155,0.0,0.0,0.0,0.0,0.0,0.0,0,0,0,0,80,0,0.4436282178156877,0.0,62,66,65.0,1.7320508075688772,3.0,0,4,0,0,0,0,0,0,0.0,65.0,65.0,0.0,0.0,0.0,0.0,0.0,0.0,0.0,4,260,0,0,8192,0,0,20,0,0,0,0,0,0,0,0
0,91.220.131.24,54583,10.2.1.101,50012,17,2017-02-01 23:47:56,0.796225,2,1,228,50,114,114,114.0,0.0,50,50,50.0,0.0,349.1475399541588,3.7677792081384034,0.3981125,0.3981125,0.796225,0.0,0.0,0.0,0.0,0.0,0.0,0.0,0.0,0.0,0.0,0.0,0,0,0,0,40,20,2.511852805425602,1.255926402712801,50,114,92.66666666666669,30.169889330626027,910.2222222222222,0,0,0,0,0,0,0,0,0.5,92.66666666666669,114.0,50.0,0.0,0.0,0.0,0.0,0.0,0.0,2,228,1,50,0,0,2,20,0,0,0,0,0,0,0,0
0,74.125.28.27,50134,10.2.1.101,25,6,2017-02-01 23:45:12,9.000697,4,0,260,0,66,62,65.0,1.7320508075688772,0,0,0.0,0.0,28.886651778190064,0.4444100273567702,3.000232333333333,2.45199025502092,6.006117,0.0,9.000696999999999,3.000232333333333,2.45199025502092,6.006117,0.0,0.0,0.0,0.0,0.0,0.0,0,0,0,0,80,0,0.4444100273567702,0.0,62,66,65.0,1.7320508075688772,3.0,0,4,0,0,0,0,0,0,0.0,65.0,65.0,0.0,0.0,0.0,0.0,0.0,0.0,0.0,4,260,0,0,8192,0,0,20,0,0,0,0,0,0,0,0
0,173.194.219.26,50472,10.2.1.101,25,6,2017-02-01 23:47:15,9.016223,4,0,260,0,66,62,65.0,1.7320508075688772,0,0,0.0,0.0,28.836908758800664,0.4436447501353948,3.0054076666666667,2.4519733640840298,6.006078,0.0,9.016223,3.0054076666666667,2.4519733640840298,6.006078,0.0,0.0,0.0,0.0,0.0,0.0,0,0,0,0,80,0,0.4436447501353948,0.0,62,66,65.0,1.7320508075688772,3.0,0,4,0,0,0,0,0,0,0.0,65.0,65.0,0.0,0.0,0.0,0.0,0.0,0.0,0.0,4,260,0,0,8192,0,0,20,0,0,0,0,0,0,0,0
0,64.129.17.170,49191,10.2.1.101,25,6,2017-02-01 23:40:35,9.016447,4,0,260,0,66,62,65.0,1.7320508075688772,0,0,0.0,0.0,28.836192349381083,0.4436337284520166,3.005482333333333,2.4519955024912985,6.006132,0.0,9.016447,3.005482333333333,2.4519955024912985,6.006132,0.0,0.0,0.0,0.0,0.0,0.0,0,0,0,0,80,0,0.4436337284520166,0.0,62,66,65.0,1.7320508075688772,3.0,0,4,0,0,0,0,0,0,0.0,65.0,65.0,0.0,0.0,0.0,0.0,0.0,0.0,0.0,4,260,0,0,8192,0,0,20,0,0,0,0,0,0,0,0
0,193.109.254.3,50144,10.2.1.101,25,6,2017-02-01 23:45:30,9.016232,4,0,260,0,66,62,65.0,1.7320508075688772,0,0,0.0,0.0,28.83687997380724,0.4436443072893421,3.0054106666666662,2.4519762208534748,6.006085,0.0,9.016232,3.0054106666666662,2.4519762208534748,6.006085,0.0,0.0,0.0,0.0,0.0,0.0,0,0,0,0,80,0,0.4436443072893421,0.0,62,66,65.0,1.7320508075688772,3.0,0,4,0,0,0,0,0,0,0.0,65.0,65.0,0.0,0.0,0.0,0.0,0.0,0.0,0.0,4,260,0,0,8192,0,0,20,0,0,0,0,0,0,0,0
0,207.46.163.247,50981,10.2.1.101,25,6,2017-02-01 23:49:46,9.000358,4,0,260,0,66,62,65.0,1.7320508075688772,0,0,0.0,0.0,28.88773979879467,0.4444267661353026,3.0001193333333336,2.451968410908038,6.006063,0.0,9.000358,3.0001193333333336,2.451968410908038,6.006063,0.0,0.0,0.0,0.0,0.0,0.0,0,0,0,0,80,0,0.4444267661353026,0.0,62,66,65.0,1.7320508075688772,3.0,0,4,0,0,0,0,0,0,0.0,65.0,65.0,0.0,0.0,0.0,0.0,0.0,0.0,0.0,4,260,0,0,8192,0,0,20,0,0,0,0,0,0,0,0
0,10.2.2.1,54337,10.2.1.101,53,17,2017-02-01 23:44:48,0.00013,2,1,156,94,78,78,78.0,0.0,94,94,94.0,0.0,1923076.9230769232,23076.92307692308,6.5e-05,6.5e-05,0.00013,0.0,0.0,0.0,0.0,0.0,0.0,0.0,0.0,0.0,0.0,0.0,0,0,0,0,40,20,15384.615384615388,7692.307692307693,78,94,83.33333333333333,7.542472332656507,56.88888888888889,0,0,0,0,0,0,0,0,0.5,83.33333333333333,78.0,94.0,0.0,0.0,0.0,0.0,0.0,0.0,2,156,1,94,0,0,2,20,0,0,0,0,0,0,0,0
0,91.220.131.24,64454,10.2.1.101,50012,17,2017-02-01 23:51:21,0.681258,2,1,228,50,114,114,114.0,0.0,50,50,50.0,0.0,408.068602497145,4.403618012559118,0.340629,0.340629,0.681258,0.0,0.0,0.0,0.0,0.0,0.0,0.0,0.0,0.0,0.0,0.0,0,0,0,0,40,20,2.935745341706079,1.4678726708530394,50,114,92.66666666666669,30.169889330626027,910.2222222222222,0,0,0,0,0,0,0,0,0.5,92.66666666666669,114.0,50.0,0.0,0.0,0.0,0.0,0.0,0.0,2,228,1,50,0,0,2,20,0,0,0,0,0,0,0,0
0,83.137.242.243,49192,10.2.1.101,25,6,2017-02-01 23:40:35,9.016438,4,0,260,0,66,62,65.0,1.7320508075688772,0,0,0.0,0.0,28.836221133001743,0.4436341712769499,3.0054793333333336,2.451990609432988,6.00612,0.0,9.016438,3.0054793333333336,2.451990609432988,6.00612,0.0,0.0,0.0,0.0,0.0,0.0,0,0,0,0,80,0,0.4436341712769499,0.0,62,66,65.0,1.7320508075688772,3.0,0,4,0,0,0,0,0,0,0.0,65.0,65.0,0.0,0.0,0.0,0.0,0.0,0.0,0.0,4,260,0,0,8192,0,0,20,0,0,0,0,0,0,0,0
0,10.2.2.1,54395,10.2.1.101,53,17,2017-02-01 23:45:33,0.092938,2,1,162,97,81,81,81.0,0.0,97,97,97.0,0.0,2786.804105963115,32.279584238955,0.046469,0.046469,0.092938,0.0,0.0,0.0,0.0,0.0,0.0,0.0,0.0,0.0,0.0,0.0,0,0,0,0,40,20,21.51972282597,10.759861412985,81,97,86.33333333333333,7.542472332656507,56.88888888888889,0,0,0,0,0,0,0,0,0.5,86.33333333333333,81.0,97.0,0.0,0.0,0.0,0.0,0.0,0.0,2,162,1,97,0,0,2,20,0,0,0,0,0,0,0,0
0,77.88.21.89,49891,10.2.1.101,25,6,2017-02-01 23:44:07,9.000906,4,0,260,0,66,62,65.0,1.7320508075688772,0,0,0.0,0.0,28.88598103346485,0.4443997082071516,3.000302,2.4519753591457643,6.006081,0.0,9.000906,3.000302,2.4519753591457643,6.006081,0.0,0.0,0.0,0.0,0.0,0.0,0,0,0,0,80,0,0.4443997082071516,0.0,62,66,65.0,1.7320508075688772,3.0,0,4,0,0,0,0,0,0,0.0,65.0,65.0,0.0,0.0,0.0,0.0,0.0,0.0,0.0,4,260,0,0,8192,0,0,20,0,0,0,0,0,0,0,0
0,202.124.241.196,50168,10.2.1.101,25,6,2017-02-01 23:45:31,9.016413,4,0,260,0,66,62,65.0,1.7320508075688772,0,0,0.0,0.0,28.836301087805094,0.4436354013508476,3.005471,2.45199914561853,6.006141,0.0,9.016413,3.005471,2.45199914561853,6.006141,0.0,0.0,0.0,0.0,0.0,0.0,0,0,0,0,80,0,0.4436354013508476,0.0,62,66,65.0,1.7320508075688772,3.0,0,4,0,0,0,0,0,0,0.0,65.0,65.0,0.0,0.0,0.0,0.0,0.0,0.0,0.0,4,260,0,0,8192,0,0,20,0,0,0,0,0,0,0,0
0,10.2.2.1,54012,10.2.1.101,53,17,2017-02-01 23:40:36,0.203088,3,2,217,261,77,70,72.33333333333333,3.2998316455372216,168,93,130.5,37.5,2353.6594973607503,24.61986921925471,0.050772,0.0430439668652878,0.093837,0.0,0.109251,0.0546255,0.0546255,0.109251,0.0,0.0,0.0,0.0,0.0,0.0,0,0,0,0,60,40,14.771921531552826,9.847947687701884,70,168,95.6,37.16234653516917,1381.0400000000002,0,0,0,0,0,0,0,0,0.6666666666666666,95.6,72.33333333333333,130.5,0.0,0.0,0.0,0.0,0.0,0.0,3,217,2,261,0,0,3,20,0,0,0,0,0,0,0,0
0,91.220.131.24,54161,10.2.1.101,50012,17,2017-02-01 23:42:45,0.940772,2,1,228,66,114,114,114.0,0.0,66,66,66.0,0.0,312.5093008720497,3.188870417061732,0.470386,0.470386,0.940772,0.0,0.0,0.0,0.0,0.0,0.0,0.0,0.0,0.0,0.0,0.0,0,0,0,0,40,20,2.125913611374488,1.062956805687244,66,114,98.0,22.62741699796952,512.0,0,0,0,0,0,0,0,0,0.5,98.0,114.0,66.0,0.0,0.0,0.0,0.0,0.0,0.0,2,228,1,66,0,0,2,20,0,0,0,0,0,0,0,0
0,68.178.213.243,49910,10.2.1.101,25,6,2017-02-01 23:44:08,9.016543,4,0,260,0,66,62,65.0,1.7320508075688772,0,0,0.0,0.0,28.835885327669374,0.4436290050410673,3.0055143333333336,2.4519886427681965,6.006115,0.0,9.016543,3.0055143333333336,2.4519886427681965,6.006115,0.0,0.0,0.0,0.0,0.0,0.0,0,0,0,0,80,0,0.4436290050410673,0.0,62,66,65.0,1.7320508075688772,3.0,0,4,0,0,0,0,0,0,0.0,65.0,65.0,0.0,0.0,0.0,0.0,0.0,0.0,0.0,4,260,0,0,8192,0,0,20,0,0,0,0,0,0,0,0
0,216.32.181.10,51144,10.2.1.101,25,6,2017-02-01 23:50:46,9.000583,4,0,260,0,66,62,65.0,1.7320508075688772,0,0,0.0,0.0,28.88701765207876,0.444415656185827,3.000194333333333,2.4519698726703165,6.006067,0.0,9.000582999999999,3.000194333333333,2.4519698726703165,6.006067,0.0,0.0,0.0,0.0,0.0,0.0,0,0,0,0,80,0,0.444415656185827,0.0,62,66,65.0,1.7320508075688772,3.0,0,4,0,0,0,0,0,0,0.0,65.0,65.0,0.0,0.0,0.0,0.0,0.0,0.0,0.0,4,260,0,0,8192,0,0,20,0,0,0,0,0,0,0,0
0,91.220.131.24,54462,10.2.1.101,50012,17,2017-02-01 23:46:48,0.843012,2,1,228,50,114,114,114.0,0.0,50,50,50.0,0.0,329.7699202383833,3.558668204011331,0.421506,0.421506,0.843012,0.0,0.0,0.0,0.0,0.0,0.0,0.0,0.0,0.0,0.0,0.0,0,0,0,0,40,20,2.3724454693408874,1.1862227346704437,50,114,92.66666666666669,30.169889330626027,910.2222222222222,0,0,0,0,0,0,0,0,0.5,92.66666666666669,114.0,50.0,0.0,0.0,0.0,0.0,0.0,0.0,2,228,1,50,0,0,2,20,0,0,0,0,0,0,0,0
0,17.142.163.13,50284,10.2.1.101,25,6,2017-02-01 23:46:12,9.032074,4,0,260,0,66,62,65.0,1.7320508075688772,0,0,0.0,0.0,28.786300909403533,0.4428661678369774,3.0106913333333334,2.4582621831770144,6.021488,0.0,9.032074,3.0106913333333334,2.4582621831770144,6.021488,0.0,0.0,0.0,0.0,0.0,0.0,0,0,0,0,80,0,0.4428661678369774,0.0,62,66,65.0,1.7320508075688772,3.0,0,4,0,0,0,0,0,0,0.0,65.0,65.0,0.0,0.0,0.0,0.0,0.0,0.0,0.0,4,260,0,0,8192,0,0,20,0,0,0,0,0,0,0,0
0,198.54.122.254,49495,10.2.1.101,25,6,2017-02-01 23:42:00,9.000735,4,0,260,0,66,62,65.0,1.7320508075688772,0,0,0.0,0.0,28.88652982228673,0.4444081511121036,3.000245,2.451973850242426,6.006077,0.0,9.000735,3.000245,2.451973850242426,6.006077,0.0,0.0,0.0,0.0,0.0,0.0,0,0,0,0,80,0,0.4444081511121036,0.0,62,66,65.0,1.7320508075688772,3.0,0,4,0,0,0,0,0,0,0.0,65.0,65.0,0.0,0.0,0.0,0.0,0.0,0.0,0.0,4,260,0,0,8192,0,0,20,0,0,0,0,0,0,0,0
0,74.125.28.27,49438,10.2.1.101,25,6,2017-02-01 23:41:39,9.016365,4,0,260,0,66,62,65.0,1.7320508075688772,0,0,0.0,0.0,28.836454602270425,0.4436377631118527,3.005455,2.451993412558988,6.006127,0.0,9.016365,3.005455,2.451993412558988,6.006127,0.0,0.0,0.0,0.0,0.0,0.0,0,0,0,0,80,0,0.4436377631118527,0.0,62,66,65.0,1.7320508075688772,3.0,0,4,0,0,0,0,0,0,0.0,65.0,65.0,0.0,0.0,0.0,0.0,0.0,0.0,0.0,4,260,0,0,8192,0,0,20,0,0,0,0,0,0,0,0
0,207.211.30.145,50596,10.2.1.101,25,6,2017-02-01 23:47:45,9.000764,4,0,260,0,66,62,65.0,1.7320508075688772,0,0,0.0,0.0,28.886436751369104,0.4444067192518324,3.0002546666666667,2.4519717813413395,6.006072,0.0,9.000764,3.0002546666666667,2.4519717813413395,6.006072,0.0,0.0,0.0,0.0,0.0,0.0,0,0,0,0,80,0,0.4444067192518324,0.0,62,66,65.0,1.7320508075688772,3.0,0,4,0,0,0,0,0,0,0.0,65.0,65.0,0.0,0.0,0.0,0.0,0.0,0.0,0.0,4,260,0,0,8192,0,0,20,0,0,0,0,0,0,0,0
0,75.141.70.41,50957,10.2.1.101,25,6,2017-02-01 23:49:44,9.000681,4,0,260,0,66,62,65.0,1.7320508075688772,0,0,0.0,0.0,28.886703128352178,0.4444108173592642,3.000227,2.451994361362332,6.006127,0.0,9.000681,3.000227,2.451994361362332,6.006127,0.0,0.0,0.0,0.0,0.0,0.0,0,0,0,0,80,0,0.4444108173592642,0.0,62,66,65.0,1.7320508075688772,3.0,0,4,0,0,0,0,0,0,0.0,65.0,65.0,0.0,0.0,0.0,0.0,0.0,0.0,0.0,4,260,0,0,8192,0,0,20,0,0,0,0,0,0,0,0
0,91.220.131.24,65333,10.2.1.101,50012,17,2017-02-01 23:38:50,0.281718,2,1,228,50,114,114,114.0,0.0,50,50,50.0,0.0,986.8024052421216,10.648946819159583,0.140859,0.140859,0.281718,0.0,0.0,0.0,0.0,0.0,0.0,0.0,0.0,0.0,0.0,0.0,0,0,0,0,40,20,7.099297879439723,3.5496489397198614,50,114,92.66666666666669,30.169889330626027,910.2222222222222,0,0,0,0,0,0,0,0,0.5,92.66666666666669,114.0,50.0,0.0,0.0,0.0,0.0,0.0,0.0,2,228,1,50,0,0,2,20,0,0,0,0,0,0,0,0
0,65.115.39.212,49186,10.2.1.101,25,6,2017-02-01 23:40:35,9.016533,4,0,260,0,66,62,65.0,1.7320508075688772,0,0,0.0,0.0,28.835917308792634,0.4436294970583482,3.0055110000000003,2.45199881733835,6.00614,0.0,9.016533,3.0055110000000003,2.45199881733835,6.00614,0.0,0.0,0.0,0.0,0.0,0.0,0,0,0,0,80,0,0.4436294970583482,0.0,62,66,65.0,1.7320508075688772,3.0,0,4,0,0,0,0,0,0,0.0,65.0,65.0,0.0,0.0,0.0,0.0,0.0,0.0,0.0,4,260,0,0,8192,0,0,20,0,0,0,0,0,0,0,0
0,208.70.91.252,50684,10.2.1.101,25,6,2017-02-01 23:48:19,9.016248,4,0,260,0,66,62,65.0,1.7320508075688772,0,0,0.0,0.0,28.836828800627494,0.4436435200096537,3.0054160000000003,2.4519640128616627,6.006055,0.0,9.016248,3.0054160000000003,2.4519640128616627,6.006055,0.0,0.0,0.0,0.0,0.0,0.0,0,0,0,0,80,0,0.4436435200096537,0.0,62,66,65.0,1.7320508075688772,3.0,0,4,0,0,0,0,0,0,0.0,65.0,65.0,0.0,0.0,0.0,0.0,0.0,0.0,0.0,4,260,0,0,8192,0,0,20,0,0,0,0,0,0,0,0
0,207.46.163.215,50654,10.2.1.101,25,6,2017-02-01 23:48:00,9.016356,4,0,260,0,66,62,65.0,1.7320508075688772,0,0,0.0,0.0,28.836483386414645,0.4436382059448406,3.005452,2.451978744986316,6.006091,0.0,9.016356,3.005452,2.451978744986316,6.006091,0.0,0.0,0.0,0.0,0.0,0.0,0,0,0,0,80,0,0.4436382059448406,0.0,62,66,65.0,1.7320508075688772,3.0,0,4,0,0,0,0,0,0,0.0,65.0,65.0,0.0,0.0,0.0,0.0,0.0,0.0,0.0,4,260,0,0,8192,0,0,20,0,0,0,0,0,0,0,0
0,91.220.131.24,65282,10.2.1.101,50012,17,2017-02-01 23:37:41,0.26801,2,1,228,50,114,114,114.0,0.0,50,50,50.0,0.0,1037.2747285549046,11.19361217865005,0.134005,0.134005,0.26801,0.0,0.0,0.0,0.0,0.0,0.0,0.0,0.0,0.0,0.0,0.0,0,0,0,0,40,20,7.462408119100033,3.731204059550016,50,114,92.66666666666669,30.169889330626027,910.2222222222222,0,0,0,0,0,0,0,0,0.5,92.66666666666669,114.0,50.0,0.0,0.0,0.0,0.0,0.0,0.0,2,228,1,50,0,0,2,20,0,0,0,0,0,0,0,0
0,207.46.163.170,50285,10.2.1.101,25,6,2017-02-01 23:46:12,9.016299,4,0,260,0,66,62,65.0,1.7320508075688772,0,0,0.0,0.0,28.83666568732913,0.4436410105742944,3.005433,2.451985631529271,6.006108,0.0,9.016299,3.005433,2.451985631529271,6.006108,0.0,0.0,0.0,0.0,0.0,0.0,0,0,0,0,80,0,0.4436410105742944,0.0,62,66,65.0,1.7320508075688772,3.0,0,4,0,0,0,0,0,0,0.0,65.0,65.0,0.0,0.0,0.0,0.0,0.0,0.0,0.0,4,260,0,0,8192,0,0,20,0,0,0,0,0,0,0,0
0,10.2.2.1,54537,10.2.1.101,53,17,2017-02-01 23:47:37,0.320539,3,2,248,204,86,81,82.66666666666667,2.357022603955158,102,102,102.0,0.0,1410.1248210046203,15.598725896068808,0.08013475,0.0567095356945152,0.133908,0.0,0.187203,0.0936015,0.0936015,0.187203,0.0,0.0,0.0,0.0,0.0,0.0,0,0,0,0,60,40,9.359235537641284,6.239490358427523,81,102,90.4,9.645724441429996,93.04,0,0,0,0,0,0,0,0,0.6666666666666666,90.4,82.66666666666667,102.0,0.0,0.0,0.0,0.0,0.0,0.0,3,248,2,204,0,0,3,20,0,0,0,0,0,0,0,0
0,91.220.131.24,65294,10.2.1.101,50012,17,2017-02-01 23:37:57,0.280674,2,1,228,50,114,114,114.0,0.0,50,50,50.0,0.0,990.4729330112516,10.68855683105667,0.140337,0.140337,0.280674,0.0,0.0,0.0,0.0,0.0,0.0,0.0,0.0,0.0,0.0,0.0,0,0,0,0,40,20,7.125704554037781,3.5628522770188904,50,114,92.66666666666669,30.169889330626027,910.2222222222222,0,0,0,0,0,0,0,0,0.5,92.66666666666669,114.0,50.0,0.0,0.0,0.0,0.0,0.0,0.0,2,228,1,50,0,0,2,20,0,0,0,0,0,0,0,0
0,216.82.251.230,49586,10.2.1.101,25,6,2017-02-01 23:42:23,9.016019,4,0,260,0,66,62,65.0,1.7320508075688772,0,0,0.0,0.0,28.83756123406572,0.4436547882163957,3.0053396666666665,2.451995229608782,6.006132,0.0,9.016019,3.0053396666666665,2.451995229608782,6.006132,0.0,0.0,0.0,0.0,0.0,0.0,0,0,0,0,80,0,0.4436547882163957,0.0,62,66,65.0,1.7320508075688772,3.0,0,4,0,0,0,0,0,0,0.0,65.0,65.0,0.0,0.0,0.0,0.0,0.0,0.0,0.0,4,260,0,0,8192,0,0,20,0,0,0,0,0,0,0,0
0,10.2.2.1,53962,10.2.1.101,53,17,2017-02-01 23:40:35,0.71657,3,2,253,266,103,75,84.33333333333333,13.199326582148888,135,131,133.0,2.0,724.2837405975689,6.977685362211647,0.1791425,0.1062552820016492,0.266803,0.0,0.467193,0.2335965,0.2335965,0.467193,0.0,0.0,0.0,0.0,0.0,0.0,0,0,0,0,60,40,4.1866112173269885,2.7910741448846585,75,135,103.8,25.97229292919668,674.56,0,0,0,0,0,0,0,0,0.6666666666666666,103.8,84.33333333333333,133.0,0.0,0.0,0.0,0.0,0.0,0.0,3,253,2,266,0,0,3,20,0,0,0,0,0,0,0,0
0,144.160.159.22,49595,10.2.1.101,25,6,2017-02-01 23:42:41,9.000813,4,0,260,0,66,62,65.0,1.7320508075688772,0,0,0.0,0.0,28.886279494974502,0.4444042999226847,3.000271,2.451984025750168,6.006102,0.0,9.000813,3.000271,2.451984025750168,6.006102,0.0,0.0,0.0,0.0,0.0,0.0,0,0,0,0,80,0,0.4444042999226847,0.0,62,66,65.0,1.7320508075688772,3.0,0,4,0,0,0,0,0,0,0.0,65.0,65.0,0.0,0.0,0.0,0.0,0.0,0.0,0.0,4,260,0,0,8192,0,0,20,0,0,0,0,0,0,0,0
0,74.125.28.27,49271,10.2.1.101,25,6,2017-02-01 23:40:56,9.000617,4,0,260,0,66,62,65.0,1.7320508075688772,0,0,0.0,0.0,28.886908530826275,0.4444139773973273,3.0002056666666665,2.4520005521269543,6.006142,0.0,9.000617,3.0002056666666665,2.4520005521269543,6.006142,0.0,0.0,0.0,0.0,0.0,0.0,0,0,0,0,80,0,0.4444139773973273,0.0,62,66,65.0,1.7320508075688772,3.0,0,4,0,0,0,0,0,0,0.0,65.0,65.0,0.0,0.0,0.0,0.0,0.0,0.0,0.0,4,260,0,0,8192,0,0,20,0,0,0,0,0,0,0,0
0,208.11.179.133,50868,10.2.1.101,25,6,2017-02-01 23:49:22,9.016285,4,0,260,0,66,62,65.0,1.7320508075688772,0,0,0.0,0.0,28.836710463344936,0.4436416994360759,3.005428333333333,2.4519734041872385,6.006078,0.0,9.016285,3.005428333333333,2.4519734041872385,6.006078,0.0,0.0,0.0,0.0,0.0,0.0,0,0,0,0,80,0,0.4436416994360759,0.0,62,66,65.0,1.7320508075688772,3.0,0,4,0,0,0,0,0,0,0.0,65.0,65.0,0.0,0.0,0.0,0.0,0.0,0.0,0.0,4,260,0,0,8192,0,0,20,0,0,0,0,0,0,0,0
0,91.220.131.24,64385,10.2.1.101,50012,17,2017-02-01 23:50:19,0.777649,2,1,228,50,114,114,114.0,0.0,50,50,50.0,0.0,357.4877611878881,3.857781595552749,0.3888245,0.3888245,0.777649,0.0,0.0,0.0,0.0,0.0,0.0,0.0,0.0,0.0,0.0,0.0,0,0,0,0,40,20,2.571854397035166,1.285927198517583,50,114,92.66666666666669,30.169889330626027,910.2222222222222,0,0,0,0,0,0,0,0,0.5,92.66666666666669,114.0,50.0,0.0,0.0,0.0,0.0,0.0,0.0,2,228,1,50,0,0,2,20,0,0,0,0,0,0,0,0
0,199.193.206.99,50884,10.2.1.101,25,6,2017-02-01 23:49:22,9.031905,4,0,260,0,66,62,65.0,1.7320508075688772,0,0,0.0,0.0,28.78683954270998,0.4428744545032305,3.010635,2.458341399479061,6.021682,0.0,9.031905,3.010635,2.458341399479061,6.021682,0.0,0.0,0.0,0.0,0.0,0.0,0,0,0,0,80,0,0.4428744545032305,0.0,62,66,65.0,1.7320508075688772,3.0,0,4,0,0,0,0,0,0,0.0,65.0,65.0,0.0,0.0,0.0,0.0,0.0,0.0,0.0,4,260,0,0,8192,0,0,20,0,0,0,0,0,0,0,0
0,91.220.131.24,54458,10.2.1.101,50012,17,2017-02-01 23:46:42,0.764748,2,1,228,50,114,114,114.0,0.0,50,50,50.0,0.0,363.5184400613013,3.9228608639708766,0.382374,0.382374,0.764748,0.0,0.0,0.0,0.0,0.0,0.0,0.0,0.0,0.0,0.0,0.0,0,0,0,0,40,20,2.615240575980585,1.3076202879902925,50,114,92.66666666666669,30.169889330626027,910.2222222222222,0,0,0,0,0,0,0,0,0.5,92.66666666666669,114.0,50.0,0.0,0.0,0.0,0.0,0.0,0.0,2,228,1,50,0,0,2,20,0,0,0,0,0,0,0,0
0,91.220.131.24,49175,10.2.1.101,50011,6,2017-02-01 23:40:33,1.328916,14,9,1191,5473,228,60,85.07142857142857,52.1515159151189,1375,54,608.1111111111111,584.520400640929,5014.613414241382,17.307339214818693,0.0604052727272727,0.1097901855210373,0.266144,0.0,1.063699,0.0818229999999999,0.1221123458112997,0.267439,0.0,1.067479,0.133434875,0.1307260421496397,0.267014,2.8e-05,3,3,0,0,280,180,10.534902130759203,6.772437084059489,54,1375,289.7391304347826,447.7841305799524,200510.62759924383,2,3,1,6,21,0,0,0,0.6428571428571429,289.7391304347826,85.07142857142857,608.1111111111111,30.0,5.0,59760.9561752988,0.0,0.0,0.0,14,1191,9,5473,8192,8192,12,20,0,0,0,0,0,0,0,0
0,10.2.2.1,54569,10.2.1.101,53,17,2017-02-01 23:47:43,0.261113,3,2,243,264,93,75,81.0,8.48528137423857,155,109,132.0,23.0,1941.6880814053688,19.148797646995742,0.06527825,0.0644337807806394,0.138335,0.0,0.140656,0.070328,0.070328,0.140656,0.0,0.0,0.0,0.0,0.0,0.0,0,0,0,0,60,40,11.489278588197449,7.659519058798298,75,155,101.4,29.64860873633028,879.0400000000002,0,0,0,0,0,0,0,0,0.6666666666666666,101.4,81.0,132.0,0.0,0.0,0.0,0.0,0.0,0.0,3,243,2,264,0,0,3,20,0,0,0,0,0,0,0,0
0,190.41.174.212,49189,10.2.1.101,25,6,2017-02-01 23:40:35,9.013488,4,0,260,0,66,62,65.0,1.7320508075688772,0,0,0.0,0.0,28.845658861475155,0.4437793670996178,3.004496,2.4519764258704995,6.006089,0.0,9.013488,3.004496,2.4519764258704995,6.006089,0.0,0.0,0.0,0.0,0.0,0.0,0,0,0,0,80,0,0.4437793670996178,0.0,62,66,65.0,1.7320508075688772,3.0,0,4,0,0,0,0,0,0,0.0,65.0,65.0,0.0,0.0,0.0,0.0,0.0,0.0,0.0,4,260,0,0,8192,0,0,20,0,0,0,0,0,0,0,0
0,208.103.121.213,50344,10.2.1.101,25,6,2017-02-01 23:46:33,9.016254,4,0,260,0,66,62,65.0,1.7320508075688772,0,0,0.0,0.0,28.83680961073191,0.4436432247804909,3.005418,2.451967682224761,6.006064,0.0,9.016254,3.005418,2.451967682224761,6.006064,0.0,0.0,0.0,0.0,0.0,0.0,0,0,0,0,80,0,0.4436432247804909,0.0,62,66,65.0,1.7320508075688772,3.0,0,4,0,0,0,0,0,0,0.0,65.0,65.0,0.0,0.0,0.0,0.0,0.0,0.0,0.0,4,260,0,0,8192,0,0,20,0,0,0,0,0,0,0,0
0,10.2.2.1,54106,10.2.1.101,53,17,2017-02-01 23:41:39,0.10166,2,1,160,112,80,80,80.0,0.0,112,112,112.0,0.0,2675.5852842809363,29.510131811922093,0.05083,0.05083,0.10166,0.0,0.0,0.0,0.0,0.0,0.0,0.0,0.0,0.0,0.0,0.0,0,0,0,0,40,20,19.673421207948063,9.836710603974032,80,112,90.66666666666669,15.084944665313014,227.5555555555556,0,0,0,0,0,0,0,0,0.5,90.66666666666669,80.0,112.0,0.0,0.0,0.0,0.0,0.0,0.0,2,160,1,112,0,0,2,20,0,0,0,0,0,0,0,0
0,165.212.65.113,49349,10.2.1.101,25,6,2017-02-01 23:41:18,9.016415,4,0,260,0,66,62,65.0,1.7320508075688772,0,0,0.0,0.0,28.83629469140451,0.4436353029446848,3.0054716666666668,2.4519510906476545,6.006023,0.0,9.016415,3.0054716666666668,2.4519510906476545,6.006023,0.0,0.0,0.0,0.0,0.0,0.0,0,0,0,0,80,0,0.4436353029446848,0.0,62,66,65.0,1.7320508075688772,3.0,0,4,0,0,0,0,0,0,0.0,65.0,65.0,0.0,0.0,0.0,0.0,0.0,0.0,0.0,4,260,0,0,8192,0,0,20,0,0,0,0,0,0,0,0
0,104.239.200.178,49170,10.2.1.101,80,6,2017-02-01 23:37:26,2.285069,1494,1482,90106,2033368,352,60,60.31191432396252,7.594238283315238,1375,54,1372.0431848852902,60.23103985534565,929282.2229875772,1302.3676746741564,0.0007680884033613,0.0088631274979333,0.136987,-6e-06,2.153603,0.0014424668452779,0.0129944668199237,0.268154,0.0,2.155213,0.0014552417285617,0.0121349832471029,0.136987,1.7e-05,1,20,0,0,29880,29640,653.8095786166632,648.5580960574932,54,1375,713.5329301075269,657.2581418625716,431988.2650446403,2,3,0,21,2974,0,0,0,0.9919678714859438,713.5329301075269,60.31191432396252,1372.0431848852902,24.782608695652176,4.130434782608695,52539.40455341506,14531.0,11.0,11728006.456820017,1494,90106,1482,2033368,8192,29200,1465,20,0,0,0,0,0,0,0,0
0,68.232.150.130,50806,10.2.1.101,25,6,2017-02-01 23:49:01,9.000686,4,0,260,0,66,62,65.0,1.7320508075688772,0,0,0.0,0.0,28.886687081406905,0.4444105704831831,3.0002286666666667,2.4519935387000693,6.006125,0.0,9.000686,3.0002286666666667,2.4519935387000693,6.006125,0.0,0.0,0.0,0.0,0.0,0.0,0,0,0,0,80,0,0.4444105704831831,0.0,62,66,65.0,1.7320508075688772,3.0,0,4,0,0,0,0,0,0,0.0,65.0,65.0,0.0,0.0,0.0,0.0,0.0,0.0,0.0,4,260,0,0,8192,0,0,20,0,0,0,0,0,0,0,0
0,91.220.131.24,54424,10.2.1.101,50012,17,2017-02-01 23:46:08,0.700915,2,1,228,50,114,114,114.0,0.0,50,50,50.0,0.0,396.6244123752524,4.28011955800632,0.3504575,0.3504575,0.700915,0.0,0.0,0.0,0.0,0.0,0.0,0.0,0.0,0.0,0.0,0.0,0,0,0,0,40,20,2.8534130386708805,1.4267065193354402,50,114,92.66666666666669,30.169889330626027,910.2222222222222,0,0,0,0,0,0,0,0,0.5,92.66666666666669,114.0,50.0,0.0,0.0,0.0,0.0,0.0,0.0,2,228,1,50,0,0,2,20,0,0,0,0,0,0,0,0
0,91.220.131.24,54683,10.2.1.101,50012,17,2017-02-01 23:49:30,0.880982,2,1,228,50,114,114,114.0,0.0,50,50,50.0,0.0,315.5569580309246,3.405290914002783,0.440491,0.440491,0.880982,0.0,0.0,0.0,0.0,0.0,0.0,0.0,0.0,0.0,0.0,0.0,0,0,0,0,40,20,2.2701939426685223,1.1350969713342611,50,114,92.66666666666669,30.169889330626027,910.2222222222222,0,0,0,0,0,0,0,0,0.5,92.66666666666669,114.0,50.0,0.0,0.0,0.0,0.0,0.0,0.0,2,228,1,50,0,0,2,20,0,0,0,0,0,0,0,0
0,10.2.2.1,54219,10.2.1.101,53,17,2017-02-01 23:44:06,0.092662,3,2,209,534,75,67,69.66666666666667,3.771236166328253,379,155,267.0,112.0,8018.389415294296,53.95955191988086,0.0231655,0.0306708531141538,0.074786,0.0,0.092574,0.046287,0.046287,0.092574,0.0,0.0,0.0,0.0,0.0,0.0,0,0,0,0,60,40,32.37573115192852,21.583820767952343,67,379,148.6,119.88260924754684,14371.840000000002,0,0,0,0,0,0,0,0,0.6666666666666666,148.6,69.66666666666667,267.0,0.0,0.0,0.0,0.0,0.0,0.0,3,209,2,534,0,0,3,20,0,0,0,0,0,0,0,0
0,10.2.2.1,54127,10.2.1.101,53,17,2017-02-01 23:42:01,9.3e-05,2,1,162,97,81,81,81.0,0.0,97,97,97.0,0.0,2784946.23655914,32258.06451612904,4.65e-05,4.65e-05,9.3e-05,0.0,0.0,0.0,0.0,0.0,0.0,0.0,0.0,0.0,0.0,0.0,0,0,0,0,40,20,21505.376344086024,10752.688172043012,81,97,86.33333333333333,7.542472332656507,56.88888888888889,0,0,0,0,0,0,0,0,0.5,86.33333333333333,81.0,97.0,0.0,0.0,0.0,0.0,0.0,0.0,2,162,1,97,0,0,2,20,0,0,0,0,0,0,0,0
0,10.2.2.1,53960,10.2.1.101,53,17,2017-02-01 23:40:35,0.216393,3,2,232,307,86,73,77.33333333333333,6.128258770283412,205,102,153.5,51.5,2490.8384282301186,23.106107868553973,0.05409825,0.0313091320094872,0.075546,0.0,0.140847,0.0704235,0.0704235,0.140847,0.0,0.0,0.0,0.0,0.0,0.0,0,0,0,0,60,40,13.863664721132384,9.24244314742159,73,205,107.8,49.7570095564434,2475.76,0,0,0,0,0,0,0,0,0.6666666666666666,107.8,77.33333333333333,153.5,0.0,0.0,0.0,0.0,0.0,0.0,3,232,2,307,0,0,3,20,0,0,0,0,0,0,0,0
0,208.80.206.95,49561,10.2.1.101,25,6,2017-02-01 23:42:21,9.016164,4,0,260,0,66,62,65.0,1.7320508075688772,0,0,0.0,0.0,28.83709746184741,0.4436476532591909,3.005388,2.451975362696915,6.006083,0.0,9.016164,3.005388,2.451975362696915,6.006083,0.0,0.0,0.0,0.0,0.0,0.0,0,0,0,0,80,0,0.4436476532591909,0.0,62,66,65.0,1.7320508075688772,3.0,0,4,0,0,0,0,0,0,0.0,65.0,65.0,0.0,0.0,0.0,0.0,0.0,0.0,0.0,4,260,0,0,8192,0,0,20,0,0,0,0,0,0,0,0
0,72.167.238.29,50647,10.2.1.101,25,6,2017-02-01 23:48:00,0.290489,5,4,312,407,66,60,62.4,2.9393876913398134,233,54,101.75,75.93541663808791,2475.136752166175,30.98224029137076,0.036311125,0.0466414560944378,0.113078,0.0,0.202377,0.05059425,0.0507135982670082,0.114413,0.0,0.204486,0.068162,0.0483090798987795,0.113291,0.001177,0,1,0,0,100,80,17.2123557174282,13.76988457394256,54,233,79.88888888888889,54.3127659322362,2949.876543209877,2,3,0,1,7,0,0,0,0.8,79.88888888888889,62.4,101.75,0.0,0.0,0.0,0.0,0.0,0.0,5,312,4,407,8192,14600,3,20,0,0,0,0,0,0,0,0
0,198.89.160.70,50518,10.2.1.101,25,6,2017-02-01 23:47:18,9.016388,4,0,260,0,66,62,65.0,1.7320508075688772,0,0,0.0,0.0,28.83638104305184,0.4436366314315667,3.0054626666666664,2.4519889475864733,6.006116,0.0,9.016388,3.0054626666666664,2.4519889475864733,6.006116,0.0,0.0,0.0,0.0,0.0,0.0,0,0,0,0,80,0,0.4436366314315667,0.0,62,66,65.0,1.7320508075688772,3.0,0,4,0,0,0,0,0,0,0.0,65.0,65.0,0.0,0.0,0.0,0.0,0.0,0.0,0.0,4,260,0,0,8192,0,0,20,0,0,0,0,0,0,0,0
0,10.2.2.1,53971,10.2.1.101,53,17,2017-02-01 23:40:35,0.347591,3,2,209,206,75,67,69.66666666666667,3.771236166328253,115,91,103.0,12.0,1193.9319487558655,14.384722274167054,0.08689775,0.0629342785744581,0.176113,0.0,0.249014,0.124507,0.124507,0.249014,0.0,0.0,0.0,0.0,0.0,0.0,0,0,0,0,60,40,8.630833364500232,5.753888909666822,67,115,83.0,18.24280680158621,332.8,0,0,0,0,0,0,0,0,0.6666666666666666,83.0,69.66666666666667,103.0,0.0,0.0,0.0,0.0,0.0,0.0,3,209,2,206,0,0,3,20,0,0,0,0,0,0,0,0
0,209.86.93.229,49201,10.2.1.101,25,6,2017-02-01 23:40:35,9.016364,4,0,260,0,66,62,65.0,1.7320508075688772,0,0,0.0,0.0,28.83645780050584,0.4436378123154744,3.0054546666666666,2.4519991137467585,6.006141,0.0,9.016364,3.0054546666666666,2.4519991137467585,6.006141,0.0,0.0,0.0,0.0,0.0,0.0,0,0,0,0,80,0,0.4436378123154744,0.0,62,66,65.0,1.7320508075688772,3.0,0,4,0,0,0,0,0,0,0.0,65.0,65.0,0.0,0.0,0.0,0.0,0.0,0.0,0.0,4,260,0,0,8192,0,0,20,0,0,0,0,0,0,0,0
0,203.198.53.131,49502,10.2.1.101,25,6,2017-02-01 23:42:00,9.016497,4,0,260,0,66,62,65.0,1.7320508075688772,0,0,0.0,0.0,28.83603244142376,0.4436312683295963,3.005499,2.451997978990603,6.006138,0.0,9.016497,3.005499,2.451997978990603,6.006138,0.0,0.0,0.0,0.0,0.0,0.0,0,0,0,0,80,0,0.4436312683295963,0.0,62,66,65.0,1.7320508075688772,3.0,0,4,0,0,0,0,0,0,0.0,65.0,65.0,0.0,0.0,0.0,0.0,0.0,0.0,0.0,4,260,0,0,8192,0,0,20,0,0,0,0,0,0,0,0
0,74.220.207.73,49458,10.2.1.101,25,6,2017-02-01 23:41:59,9.000786,4,0,260,0,66,62,65.0,1.7320508075688772,0,0,0.0,0.0,28.88636614624545,0.4444056330191608,3.000262,2.4519971466220487,6.006134,0.0,9.000786,3.000262,2.4519971466220487,6.006134,0.0,0.0,0.0,0.0,0.0,0.0,0,0,0,0,80,0,0.4444056330191608,0.0,62,66,65.0,1.7320508075688772,3.0,0,4,0,0,0,0,0,0,0.0,65.0,65.0,0.0,0.0,0.0,0.0,0.0,0.0,0.0,4,260,0,0,8192,0,0,20,0,0,0,0,0,0,0,0
0,10.2.2.1,53987,10.2.1.101,53,17,2017-02-01 23:40:35,0.379953,3,2,222,215,76,70,74.0,2.8284271247461903,129,86,107.5,21.5,1150.142254436733,13.15952236197635,0.09498825,0.0651998814315447,0.184145,0.0,0.279274,0.139637,0.139637,0.279274,0.0,0.0,0.0,0.0,0.0,0.0,0,0,0,0,60,40,7.89571341718581,5.26380894479054,70,129,87.4,21.42521878534733,459.04,0,0,0,0,0,0,0,0,0.6666666666666666,87.4,74.0,107.5,0.0,0.0,0.0,0.0,0.0,0.0,3,222,2,215,0,0,3,20,0,0,0,0,0,0,0,0
0,206.108.40.19,49642,10.2.1.101,25,6,2017-02-01 23:42:43,9.016274,4,0,260,0,66,62,65.0,1.7320508075688772,0,0,0.0,0.0,28.83674564459776,0.4436422406861194,3.0054246666666664,2.452013310972208,6.006176,0.0,9.016274,3.0054246666666664,2.452013310972208,6.006176,0.0,0.0,0.0,0.0,0.0,0.0,0,0,0,0,80,0,0.4436422406861194,0.0,62,66,65.0,1.7320508075688772,3.0,0,4,0,0,0,0,0,0,0.0,65.0,65.0,0.0,0.0,0.0,0.0,0.0,0.0,0.0,4,260,0,0,8192,0,0,20,0,0,0,0,0,0,0,0
0,10.2.2.1,54031,10.2.1.101,53,17,2017-02-01 23:40:56,0.000144,2,1,194,113,97,97,97.0,0.0,113,113,113.0,0.0,2131944.4444444445,20833.33333333333,7.2e-05,7.2e-05,0.000144,0.0,0.0,0.0,0.0,0.0,0.0,0.0,0.0,0.0,0.0,0.0,0,0,0,0,40,20,13888.888888888889,6944.444444444444,97,113,102.33333333333331,7.542472332656507,56.88888888888889,0,0,0,0,0,0,0,0,0.5,102.33333333333331,97.0,113.0,0.0,0.0,0.0,0.0,0.0,0.0,2,194,1,113,0,0,2,20,0,0,0,0,0,0,0,0
0,216.82.251.34,49508,10.2.1.101,25,6,2017-02-01 23:42:01,9.016395,4,0,260,0,66,62,65.0,1.7320508075688772,0,0,0.0,0.0,28.836358655538053,0.4436362870082777,3.005465,2.451992210301792,6.006124,0.0,9.016395,3.005465,2.451992210301792,6.006124,0.0,0.0,0.0,0.0,0.0,0.0,0,0,0,0,80,0,0.4436362870082777,0.0,62,66,65.0,1.7320508075688772,3.0,0,4,0,0,0,0,0,0,0.0,65.0,65.0,0.0,0.0,0.0,0.0,0.0,0.0,0.0,4,260,0,0,8192,0,0,20,0,0,0,0,0,0,0,0
0,213.199.180.170,49881,10.2.1.101,25,6,2017-02-01 23:44:06,6.793548,8,8,568,697,95,60,71.0,12.216791722870616,170,54,87.125,39.1772813630553,186.20608848277809,2.3551758227070745,0.4529032,1.2712442688745649,5.187776,0.0,6.793548,0.9705068571428572,1.84783660522294,5.491177,0.0,6.549489,0.9356412857142856,1.7384969673928696,5.187776,0.000434,3,4,0,0,160,160,1.1775879113535372,1.1775879113535372,54,170,79.0625,30.117413463808607,907.05859375,2,3,0,7,14,0,0,0,1.0,79.0625,71.0,87.125,0.0,0.0,0.0,0.0,0.0,0.0,8,568,8,697,8192,8192,6,20,0,0,0,0,0,0,0,0
0,10.2.2.1,54598,10.2.1.101,53,17,2017-02-01 23:48:00,0.185888,3,2,251,363,87,82,83.66666666666667,2.357022603955158,215,148,181.5,33.5,3303.0642107075228,26.89791702530556,0.046472,0.0409428034152523,0.096419,0.0,0.109178,0.054589,0.054589,0.109178,0.0,0.0,0.0,0.0,0.0,0.0,0,0,0,0,60,40,16.138750215183336,10.759166810122224,82,215,122.8,52.43433989286029,2749.36,0,0,0,0,0,0,0,0,0.6666666666666666,122.8,83.66666666666667,181.5,0.0,0.0,0.0,0.0,0.0,0.0,3,251,2,363,0,0,3,20,0,0,0,0,0,0,0,0
